Person_ID,Window_ID,Neck_alpha_2D,Neck_beta_2D,Neck_gamma_2D,Torso_alpha_2D,Torso_beta_2D,Torso_gamma_2D,Right_elbow_2D,Left_elbow_2D,Right_Knee_2D,Left_knee_2D,Right_shoulder_alpha_2D,Right_shoulder_beta_2D,Right_shoulder_gamma_2D,Right_shoulder_elevation_2D,Left_shoulder_alpha_2D,Left_shoulder_beta_2D,Left_shoulder_gamma_2D,Left_shoulder_elevation_2D,Neck_alpha_3D,Neck_beta_3D,Neck_gamma_3D,Torso_alpha_3D,Torso_beta_3D,Torso_gamma_3D,Right_elbow_3D,Left_elbow_3D,Right_Knee_3D,Left_knee_3D,Right_shoulder_alpha_3D,Right_shoulder_beta_3D,Right_shoulder_gamma_3D,Right_shoulder_elevation_3D,Left_shoulder_alpha_3D,Left_shoulder_beta_3D,Left_shoulder_gamma_3D,Left_shoulder_elevation_3D,Table_A_2D,Table_B_2D,Table_C_2D,Table_A_3D,Table_B_3D,Table_C_3D,REBA_2D,REBA_3D,Error
1,1,0.0,0.04,-0.17,0.0,0.04,0.14,1.41,2.03,0.26,1.59,0.0,-0.04,-0.02,-0.43,0.0,-0.04,0.01,-0.47,2.93,0.22,-2.22,0.77,0.11,-0.84,1.41,2.03,0.26,1.59,-0.22,0.08,0.0,-0.43,1.11,0.22,0.03,-0.47,1.0,2.0,1.0,2.0,2.0,2.0,0,0.0,0.0
1,2,0.0,-0.31,-1.11,0.0,-0.31,-1.48,0.42,0.87,0.04,0.38,0.0,0.31,-1.42,0.32,0.0,0.31,1.41,0.9,-1.38,-0.13,-0.32,-0.59,-0.09,0.72,0.42,0.87,0.04,0.38,-0.0,-0.11,-0.07,0.32,-2.54,-0.07,-0.1,0.9,1.0,2.0,1.0,3.0,2.0,3.0,0,0.0,0.0
1,3,0.0,0.27,1.28,0.0,0.27,1.34,0.99,1.16,0.29,1.22,0.0,-0.27,1.44,0.11,0.0,-0.27,-1.42,-0.43,-1.55,-0.09,2.54,-0.18,-0.03,0.13,0.99,1.16,0.29,1.22,0.23,0.03,0.07,0.11,1.43,-0.15,0.07,-0.43,1.0,2.0,1.0,3.0,2.0,3.0,0,0.0,0.0
1,4,0.0,0.17,2.11,0.0,0.17,1.98,4.55,0.36,0.17,3.06,0.0,-0.17,1.98,0.16,0.0,-0.17,-1.87,-0.29,-0.43,-0.02,0.31,0.45,0.07,0.28,4.55,0.36,0.17,3.06,0.24,-0.01,0.06,0.16,0.65,-0.02,0.05,-0.29,1.0,2.0,1.0,3.0,2.0,3.0,0,0.0,0.0
1,5,0.0,0.25,-1.42,0.0,0.25,-1.54,3.56,2.31,0.03,2.45,0.0,-0.25,-1.68,0.19,0.0,-0.25,1.36,-0.21,-2.09,-0.08,1.51,-0.97,-0.14,-0.05,3.56,2.31,0.03,2.45,-1.09,-0.08,0.03,0.19,2.24,-0.19,0.07,-0.21,1.0,2.0,1.0,3.0,2.0,3.0,0,0.0,0.0
1,6,0.0,-1.59,165.49,0.0,-1.59,-36.21,4.33,13.24,2.1,0.16,0.0,1.59,39.03,-3.67,0.0,1.59,-31.94,-0.04,-13.47,39.98,-138.28,2.81,-1.89,17.74,4.33,13.24,2.1,0.16,11.06,3.82,0.13,-3.67,9.59,0.71,0.18,-0.04,1.0,2.0,1.0,4.0,2.0,4.0,0,1.0,-1.0
1,7,4.15,9.45,169.04,0.0,9.45,57.15,41.82,58.47,0.5,7.17,5.39,-9.45,58.5,8.08,5.12,-9.45,-50.67,-15.8,-22.77,-42.11,-172.93,-9.35,0.31,-10.55,41.82,58.47,0.5,7.17,-0.68,11.29,2.92,8.08,-8.68,3.13,-356.38,-15.8,1.0,2.0,1.0,5.0,2.0,4.0,0,1.0,-1.0
1,8,0.0,-0.16,-144.95,0.0,-0.16,54.45,13.94,17.19,1.46,4.76,0.0,0.16,-382.5,11.03,0.0,0.16,-39.1,-11.93,-12.64,19.14,174.81,12.3,13.68,-2.39,13.94,17.19,1.46,4.76,15.44,21.26,-0.17,11.03,6.19,3.32,-359.18,-11.93,1.0,2.0,1.0,,2.0,,0,,
1,9,0.0,4.99,-178.59,0.0,4.99,-88.05,43.47,33.27,32.74,6.13,0.0,-4.99,-391.28,-21.73,0.0,-4.99,390.91,20.1,-35.97,44.57,-143.68,19.32,-32.23,18.12,43.47,33.27,32.74,6.13,1.43,24.58,-4.99,-21.73,34.48,-23.29,-350.75,20.1,2.0,2.0,2.0,6.0,2.0,6.0,0,1.0,-1.0
1,10,0.0,0.0,0.0,0.0,40.18,-195.04,12.4,45.53,11.28,7.2,0.0,-40.18,-365.3,-30.38,0.0,-40.18,-25.3,14.91,0.0,0.0,0.0,-10.64,62.19,181.48,12.4,45.53,11.28,7.2,27.69,-44.44,7.19,-30.38,55.98,-60.13,-339.92,14.91,1.0,2.0,1.0,2.0,4.0,3.0,0,0.0,0.0
1,11,4.0,-2.69,-167.51,0.0,-2.69,55.36,9.83,12.47,5.32,3.1,6.45,2.69,-385.95,-3.06,-6.29,2.69,394.2,-0.33,-17.7,34.89,-163.8,4.44,0.21,12.95,9.83,12.47,5.32,3.1,7.95,22.23,0.02,-3.06,18.7,-15.73,-359.45,-0.33,1.0,2.0,1.0,4.0,2.0,4.0,0,1.0,-1.0
1,12,0.0,8.04,172.16,0.0,8.04,-52.99,0.94,13.15,0.75,11.3,0.0,-8.04,-393.05,0.55,0.0,-8.04,391.64,-5.62,-3.15,-40.41,-157.63,5.12,-2.79,-11.85,0.94,13.15,0.75,11.3,10.22,14.23,0.36,0.55,16.95,-19.4,-0.11,-5.62,1.0,2.0,1.0,5.0,2.0,4.0,0,1.0,-1.0
1,13,41.64,9.68,-124.58,0.0,9.68,84.52,14.62,12.07,6.94,4.71,-121.43,-9.68,-296.64,53.74,113.5,-9.68,43.06,-35.99,-36.96,-44.46,68.67,4.26,42.34,-71.6,14.62,12.07,6.94,4.71,47.3,18.24,-23.83,53.74,43.51,10.91,-21.49,-35.99,3.0,4.0,3.0,4.0,5.0,5.0,0,1.0,-1.0
1,14,33.98,-17.67,-92.26,0.0,-17.67,119.98,58.16,19.04,12.42,7.45,-77.22,17.67,-9.81,-39.54,-81.69,17.67,311.07,40.01,-49.37,0.63,-50.96,31.86,-56.11,87.84,58.16,19.04,12.42,7.45,23.14,40.26,19.56,-39.54,65.35,15.56,-310.63,40.01,3.0,4.0,3.0,7.0,4.0,8.0,0,2.0,-2.0
1,15,31.36,6.16,-145.47,0.0,6.16,74.84,36.4,50.71,8.89,3.13,94.7,-6.16,-10.53,11.12,83.76,-6.16,322.08,-16.03,2.45,-56.36,128.12,-0.92,5.88,-42.29,36.4,50.71,8.89,3.13,8.74,15.27,1.3,11.12,-16.98,-2.53,-353.81,-16.03,3.0,7.0,6.0,3.0,2.0,3.0,1,0.0,1.0
1,16,0.0,0.0,0.0,0.0,15.69,-141.54,25.05,26.26,10.22,10.41,100.83,-15.69,-312.33,-4.04,102.62,-15.69,27.5,-19.76,0.0,0.0,0.0,-7.13,41.16,-127.96,25.05,26.26,10.22,10.41,36.82,0.69,-5.77,-4.04,33.29,-26.16,-6.03,-19.76,2.0,7.0,5.0,3.0,4.0,3.0,1,0.0,1.0
1,17,0.0,-14.36,174.24,0.0,-14.36,-69.24,8.62,15.62,31.89,0.86,0.0,14.36,53.32,-29.87,0.0,14.36,388.76,14.94,-35.7,29.04,-95.69,7.92,-17.38,39.08,8.62,15.62,31.89,0.86,29.51,2.59,7.02,-29.87,29.18,-22.42,-351.8,14.94,2.0,2.0,2.0,,4.0,,0,,
1,18,18.71,9.33,-159.33,0.0,9.33,-74.19,25.67,1.08,9.18,3.29,-78.1,-9.33,-338.45,10.58,-75.4,-9.33,338.6,-14.51,-14.02,-52.8,144.04,4.4,2.39,-36.32,25.67,1.08,9.18,3.29,14.6,12.43,-0.05,10.58,9.46,-21.63,-359.77,-14.51,1.0,4.0,2.0,4.0,2.0,4.0,0,1.0,-1.0
1,19,0.0,0.52,150.66,0.0,0.52,59.58,13.08,46.8,1.75,7.56,0.0,-0.52,-367.2,13.51,0.0,-0.52,381.74,-16.39,-6.47,-20.97,-173.4,2.25,15.12,-2.96,13.08,46.8,1.75,7.56,21.29,38.18,-1.75,13.51,2.26,-25.58,-357.77,-16.39,1.0,2.0,1.0,4.0,4.0,4.0,0,1.0,-1.0
1,20,45.07,-7.19,87.23,0.0,-7.19,99.74,26.85,46.95,5.49,25.75,130.9,7.19,-47.18,-25.35,-118.32,7.19,290.83,18.26,-48.12,14.39,-45.58,26.05,-39.81,86.55,26.85,46.95,5.49,25.75,31.67,-3.07,7.38,-25.35,29.9,14.51,-348.58,18.26,3.0,7.0,6.0,7.0,4.0,8.0,1,2.0,-1.0
1,21,22.85,6.05,-145.95,0.0,6.05,78.72,51.08,83.22,7.7,2.05,-105.8,-6.05,-18.83,16.71,80.3,-6.05,317.93,-19.82,-10.18,-59.45,129.39,-1.39,8.49,-38.63,51.08,83.22,7.7,2.05,15.43,8.42,-0.48,16.71,-29.87,15.76,-348.49,-19.82,3.0,4.0,3.0,4.0,2.0,4.0,0,1.0,-1.0
1,22,41.52,8.29,-115.83,0.0,8.29,86.33,23.66,133.84,16.09,5.95,-113.61,-8.29,-280.45,66.59,102.05,-8.29,292.66,-43.53,-37.12,-71.36,49.47,29.78,44.67,-38.15,23.66,133.84,16.09,5.95,71.44,15.36,-70.2,66.59,-21.43,33.83,-326.85,-43.53,3.0,4.0,3.0,6.0,5.0,8.0,0,2.0,-2.0
1,23,0.0,1.13,17.85,0.0,1.13,13.18,8.65,4.84,2.67,0.76,0.0,-1.13,9.96,1.22,0.0,-1.13,-8.69,-1.34,-11.77,1.14,-9.88,0.19,0.34,-2.73,8.65,4.84,2.67,0.76,4.98,-3.48,0.28,1.22,0.42,4.69,-359.77,-1.34,1.0,2.0,1.0,3.0,2.0,3.0,0,0.0,0.0
1,24,0.0,1.83,7.52,0.0,1.83,3.29,7.63,2.9,1.14,2.63,0.0,-1.83,5.3,-1.34,0.0,-1.83,3.64,-4.96,-4.14,-1.46,-8.94,-0.03,0.08,-1.0,7.63,2.9,1.14,2.63,11.08,0.62,0.27,-1.34,0.57,6.88,-359.68,-4.96,1.0,2.0,1.0,1.0,2.0,1.0,0,0.0,0.0
1,25,0.0,2.02,2.1,0.0,2.02,-1.41,9.91,3.31,0.6,4.1,0.0,-2.02,0.71,-1.65,0.0,-2.02,8.94,-5.73,-3.41,-1.45,-6.15,0.66,0.2,-1.0,9.91,3.31,0.6,4.1,11.13,0.77,0.28,-1.65,2.1,7.32,-359.67,-5.73,1.0,2.0,1.0,3.0,2.0,3.0,0,0.0,0.0
2,1,0.0,-0.13,3.9,0.0,-0.13,-2.76,0.38,1.79,2.18,0.67,0.0,0.13,3.21,-0.04,0.0,0.13,-2.46,0.4,-1.52,-0.63,-3.1,-0.37,-0.12,0.42,0.38,1.79,2.18,0.67,0.75,0.56,0.04,-0.04,-0.38,0.08,-0.09,0.4,1.0,2.0,1.0,3.0,2.0,3.0,0,0.0,0.0
2,2,0.0,-0.04,-1.7,0.0,-0.04,1.64,0.46,11.61,0.33,1.27,0.0,0.04,-1.9,0.1,0.0,0.04,1.84,0.16,-0.59,0.2,-0.26,0.26,0.01,0.1,0.46,11.61,0.33,1.27,-0.78,-0.23,-0.02,0.1,-3.64,0.02,-0.11,0.16,1.0,2.0,1.0,3.0,2.0,3.0,0,0.0,0.0
2,3,0.0,0.17,-2.2,0.0,0.17,1.12,0.84,13.41,1.86,1.94,0.0,-0.17,-1.3,-0.05,0.0,-0.17,0.62,-0.56,2.11,0.42,3.36,0.12,0.11,-0.52,0.84,13.41,1.86,1.94,0.03,-0.33,-0.02,-0.05,4.02,-0.1,0.2,-0.56,1.0,2.0,1.0,2.0,2.0,2.0,0,0.0,0.0
2,4,0.0,2.19,166.43,0.0,2.19,56.61,13.22,20.12,6.99,3.86,0.0,-2.19,55.86,4.68,0.0,-2.19,-42.66,-15.38,-5.27,-37.42,139.7,2.69,10.46,-21.48,13.22,20.12,6.99,3.86,-3.28,11.34,-0.19,4.68,19.48,3.73,-358.97,-15.38,1.0,2.0,1.0,4.0,2.0,4.0,0,1.0,-1.0
2,5,0.0,-18.66,143.07,0.0,-18.66,-87.11,29.49,18.94,9.74,29.45,0.0,18.66,-20.3,-53.93,0.0,18.66,325.34,65.89,-23.77,76.47,155.92,26.82,-39.05,-6.61,29.49,18.94,9.74,29.45,-11.93,-63.58,-7.61,-53.93,24.4,-82.44,-357.16,65.89,3.0,2.0,3.0,6.0,2.0,6.0,0,1.0,-1.0
2,6,51.93,0.84,85.45,0.0,0.84,-109.7,14.5,6.49,7.0,17.17,-145.43,-0.84,-276.2,-26.71,136.13,-0.84,59.05,-0.97,7.37,77.51,-24.97,19.38,46.21,149.46,14.5,6.49,7.0,17.17,-52.31,-33.73,-13.32,-26.71,6.38,-55.94,-3.73,-0.97,3.0,4.0,3.0,2.0,4.0,3.0,0,0.0,0.0
2,7,46.96,-8.81,119.04,0.0,-8.81,-70.54,45.05,42.31,2.3,3.13,-75.53,8.81,-13.56,-22.72,-68.44,8.81,329.87,16.66,-27.16,71.11,-118.74,8.66,-8.08,25.78,45.05,42.31,2.3,3.13,18.19,-7.59,7.52,-22.72,54.32,-17.81,-348.18,16.66,3.0,4.0,3.0,4.0,2.0,4.0,0,1.0,-1.0
2,8,5.88,8.39,153.28,0.0,8.39,73.3,25.42,6.54,4.64,9.42,15.09,-8.39,-388.16,18.24,12.6,-8.39,-34.1,-21.04,-21.19,-48.99,162.11,3.68,13.21,-16.6,25.42,6.54,4.64,9.42,-4.6,20.26,0.16,18.24,-4.31,17.16,-350.93,-21.04,2.0,2.0,2.0,5.0,2.0,4.0,0,1.0,-1.0
2,9,0.0,5.3,-167.9,0.0,5.3,51.88,33.41,10.47,1.96,8.19,0.0,-5.3,-379.85,16.73,0.0,-5.3,-30.16,-14.36,-20.68,40.54,178.16,7.74,13.35,-16.15,33.41,10.47,1.96,8.19,-7.68,23.55,0.82,16.73,10.96,11.24,-356.71,-14.36,2.0,2.0,2.0,5.0,2.0,4.0,0,1.0,-1.0
2,10,9.7,14.15,-175.12,0.0,14.15,-89.93,15.81,2.19,5.58,1.47,13.64,-14.15,11.02,-12.08,-13.05,-14.15,379.61,14.44,-5.66,63.46,171.62,19.06,-24.96,-14.37,15.81,2.19,5.58,1.47,-28.56,-35.13,-7.66,-12.08,25.79,-35.86,-358.35,14.44,1.0,2.0,1.0,6.0,4.0,7.0,0,2.0,-2.0
2,11,0.0,0.97,108.48,0.0,0.97,-186.15,12.04,10.17,7.44,9.84,0.0,-0.97,-327.38,-50.74,0.0,-0.97,-20.51,55.46,5.22,61.97,-35.4,48.02,73.76,-175.15,12.04,10.17,7.44,9.84,-97.54,-45.69,-81.87,-50.74,-8.04,-66.85,-27.59,55.46,1.0,2.0,1.0,4.0,4.0,4.0,0,1.0,-1.0
2,12,0.0,-25.07,129.17,0.0,-25.07,-79.0,8.43,4.75,3.19,3.77,0.0,25.07,-18.92,-64.55,0.0,25.07,378.31,57.86,-51.0,44.93,-39.59,34.99,-41.97,29.58,8.43,4.75,3.19,3.77,81.06,-35.83,68.32,-64.55,44.21,-32.99,-333.93,57.86,3.0,2.0,3.0,6.0,5.0,8.0,0,2.0,-2.0
2,13,0.0,10.91,141.73,0.0,10.91,86.72,13.99,15.01,1.48,10.51,0.0,-10.91,-337.92,55.76,0.0,-10.91,57.91,-80.42,-43.68,-46.97,16.94,51.34,60.5,-12.83,13.99,15.01,1.48,10.51,47.64,45.18,-50.44,55.76,134.3,60.91,-104.6,-80.42,2.0,2.0,2.0,6.0,5.0,8.0,0,2.0,-2.0
2,14,0.0,0.39,-158.71,0.0,0.39,-67.82,8.99,8.97,12.33,5.13,0.0,-0.39,-13.14,-22.59,0.0,-0.39,378.89,22.3,-8.35,89.25,134.47,11.88,-20.13,-17.6,8.99,8.97,12.33,5.13,-54.4,-40.28,-22.86,-22.59,21.84,-29.11,0.59,22.3,1.0,2.0,1.0,5.0,4.0,5.0,0,1.0,-1.0
2,15,0.0,2.65,168.72,0.0,2.65,98.2,27.79,20.31,4.08,0.76,0.0,-2.65,-336.27,79.61,0.0,-2.65,25.7,-49.17,-22.74,-46.14,71.02,62.58,68.89,-9.96,27.79,20.31,4.08,0.76,66.89,42.8,-56.27,79.61,108.24,40.43,-68.43,-49.17,1.0,2.0,1.0,7.0,5.0,9.0,0,2.0,-2.0
2,16,0.0,-3.48,129.85,0.0,-3.48,-51.09,4.6,23.52,17.0,0.4,0.0,3.48,4.87,-10.24,0.0,3.48,-52.42,10.83,-29.23,81.72,-109.54,13.77,-3.16,-13.61,4.6,23.52,17.0,0.4,-28.63,-32.05,-6.26,-10.24,36.07,-12.31,-356.34,10.83,2.0,2.0,2.0,6.0,4.0,7.0,0,2.0,-2.0
2,17,0.0,3.85,-6.19,0.0,3.85,0.9,0.51,14.02,2.49,5.74,0.0,-3.85,-4.08,6.25,0.0,-3.85,1.84,-0.31,-3.64,6.36,-8.58,-1.6,-0.96,-7.69,0.51,14.02,2.49,5.74,-12.39,-0.85,0.12,6.25,11.43,1.97,-359.08,-0.31,1.0,2.0,1.0,3.0,2.0,3.0,0,0.0,0.0
2,18,0.0,1.5,3.49,0.0,1.5,-7.96,5.76,14.81,2.84,9.31,0.0,-1.5,4.12,3.15,0.0,-1.5,-5.56,0.01,-3.68,6.16,-9.11,-2.3,-0.29,-4.24,5.76,14.81,2.84,9.31,-14.77,-2.22,-0.15,3.15,18.11,2.75,0.63,0.01,1.0,2.0,1.0,3.0,2.0,3.0,0,0.0,0.0
3,1,0.0,-0.7,-4.0,0.0,-0.7,-2.89,3.12,1.32,0.94,1.25,0.0,0.7,-1.91,-0.89,0.0,0.7,3.81,-0.33,-1.23,0.72,1.78,0.29,0.3,0.96,3.12,1.32,0.94,1.25,2.12,0.95,-0.14,-0.89,-0.7,0.56,0.02,-0.33,2.0,2.0,2.0,4.0,2.0,4.0,0,1.0,-1.0
3,2,0.0,0.75,4.35,0.0,0.75,2.46,4.02,0.63,0.93,1.1,0.0,-0.75,1.27,0.49,0.0,-0.75,-3.54,0.03,1.57,-1.6,-0.72,0.41,-0.41,-0.07,4.02,0.63,0.93,1.1,-1.76,-1.34,0.12,0.49,-0.04,-0.61,0.01,0.03,2.0,2.0,2.0,3.0,2.0,3.0,0,0.0,0.0
3,3,0.0,-0.04,-0.35,0.0,-0.04,0.43,0.89,0.68,0.01,0.15,0.0,0.04,0.64,0.4,0.0,0.04,-0.27,0.3,-0.35,0.89,-1.06,-0.7,0.11,-0.89,0.89,0.68,0.01,0.15,-0.36,0.38,0.01,0.4,0.74,0.05,-0.03,0.3,2.0,2.0,2.0,4.0,2.0,4.0,0,1.0,-1.0
3,4,0.0,-0.44,-13.38,0.0,-0.44,-2.5,2.2,1.25,8.34,0.24,0.0,0.44,-2.66,1.13,0.0,0.44,4.56,0.4,-2.66,9.96,4.84,0.07,0.48,2.71,2.2,1.25,8.34,0.24,3.0,0.01,-0.12,1.13,0.06,1.21,0.01,0.4,2.0,2.0,2.0,2.0,2.0,2.0,0,0.0,0.0
3,5,0.0,0.0,0.0,0.0,-26.04,192.43,70.57,36.22,30.18,32.24,0.0,26.04,63.98,22.29,0.0,26.04,347.51,-3.39,0.0,0.0,0.0,-11.02,-45.51,-167.14,70.57,36.22,30.18,32.24,1.52,20.88,1.23,22.29,-30.65,50.1,12.33,-3.39,4.0,1.0,3.0,5.0,1.0,4.0,0,1.0,-1.0
3,6,0.0,1.07,-178.72,0.0,1.07,48.85,26.71,31.04,16.28,64.07,0.0,-1.07,-380.33,13.8,0.0,-1.07,9.44,-10.29,-7.49,-55.39,129.91,-0.54,14.71,-21.49,26.71,31.04,16.28,64.07,6.96,22.7,-0.32,13.8,17.94,44.07,354.45,-10.29,2.0,2.0,2.0,5.0,2.0,4.0,0,1.0,-1.0
3,7,0.0,-9.79,164.73,0.0,-9.79,32.35,1.97,38.87,3.02,27.8,0.0,9.79,-375.53,0.44,0.0,9.79,-9.75,4.16,-42.79,31.69,163.04,5.51,5.35,16.4,1.97,38.87,3.02,27.8,4.72,14.02,-0.31,0.44,-13.76,10.82,0.12,4.16,2.0,2.0,2.0,5.0,2.0,4.0,0,1.0,-1.0
3,8,69.06,-11.5,-100.98,0.0,-11.5,113.07,40.19,10.24,3.67,25.78,-131.09,11.5,-47.46,-23.93,-133.6,11.5,287.26,24.33,-17.96,-43.8,-57.73,3.69,-28.31,151.0,40.19,10.24,3.67,25.78,13.19,33.56,2.68,-23.93,30.26,28.41,19.05,24.33,3.0,4.0,3.0,5.0,2.0,4.0,0,1.0,-1.0
3,9,0.0,-2.35,178.89,0.0,-2.35,88.3,12.82,20.19,1.42,10.48,0.0,2.35,-356.28,43.64,0.0,2.35,19.47,-32.64,-8.45,-51.76,144.49,24.43,44.6,-3.17,12.82,20.19,1.42,10.48,41.38,47.48,-21.87,43.64,14.59,61.24,349.71,-32.64,2.0,2.0,2.0,6.0,4.0,7.0,0,2.0,-2.0
3,10,0.0,0.0,0.0,0.0,-6.32,-237.33,5.08,30.89,33.71,12.91,0.0,6.32,24.84,-10.41,0.0,6.32,387.21,19.05,0.0,0.0,0.0,23.42,-11.26,-150.26,5.08,30.89,33.71,12.91,-1.94,49.41,-3.49,-10.41,-27.22,-0.81,353.18,19.05,3.0,2.0,3.0,5.0,2.0,4.0,0,1.0,-1.0
3,11,2.74,1.37,159.15,0.0,1.37,64.37,31.06,45.81,31.99,23.11,-6.07,-1.37,-389.39,3.51,4.59,-1.37,400.35,-11.42,-0.51,-49.71,144.01,-10.87,6.42,-10.12,31.06,45.81,31.99,23.11,11.12,26.22,-1.18,3.51,-41.74,-5.03,8.09,-11.42,3.0,2.0,3.0,7.0,2.0,7.0,0,2.0,-2.0
3,12,0.0,-12.63,126.81,0.0,-12.63,52.77,10.77,29.99,16.99,15.45,0.0,12.63,-382.47,0.02,0.0,12.63,-42.11,3.51,-8.21,2.13,-167.06,-4.1,9.94,14.79,10.77,29.99,16.99,15.45,7.83,25.16,-0.35,0.02,-13.91,-2.79,0.13,3.51,1.0,2.0,1.0,4.0,2.0,4.0,0,1.0,-1.0
3,13,0.0,0.0,0.0,0.0,-10.3,171.77,114.65,76.52,89.47,102.15,-45.58,10.3,12.39,-24.6,51.92,10.3,291.54,29.31,0.0,0.0,0.0,-7.68,-48.94,98.58,114.65,76.52,89.47,102.15,10.16,73.34,12.79,-24.6,110.71,-35.19,26.78,29.31,3.0,4.0,3.0,5.0,2.0,4.0,0,1.0,-1.0
3,14,0.0,-2.38,-175.47,0.0,-2.38,-25.68,24.95,68.97,52.91,14.75,0.0,2.38,-336.25,-8.15,0.0,2.38,-16.43,15.04,-45.27,-24.62,-172.77,-30.64,-6.96,12.15,24.95,68.97,52.91,14.75,13.75,36.68,0.92,-8.15,25.67,-5.71,3.82,15.04,3.0,2.0,3.0,6.0,2.0,6.0,0,1.0,-1.0
3,15,68.95,7.19,-105.68,0.0,7.19,-107.82,33.38,62.55,116.47,121.67,-124.95,-7.19,-269.65,48.85,115.75,-7.19,76.74,-45.37,-53.9,-0.59,-46.39,-1.13,35.1,-133.06,33.38,62.55,116.47,121.67,-2.21,-49.32,161.37,48.85,98.94,-27.98,310.6,-45.37,6.0,4.0,7.0,7.0,2.0,7.0,2,2.0,0.0
3,16,0.0,-6.66,171.13,0.0,-6.66,25.78,6.56,41.52,22.29,10.67,0.0,6.66,23.84,-6.38,0.0,6.66,374.29,11.4,-34.11,34.57,-157.13,-1.23,-3.89,16.56,6.56,41.52,22.29,10.67,3.81,-5.81,-0.71,-6.38,21.08,-16.59,2.13,11.4,2.0,2.0,2.0,5.0,2.0,4.0,0,1.0,-1.0
3,17,0.0,-6.5,-168.2,0.0,-6.5,-72.83,9.13,51.92,76.49,73.77,0.0,6.5,-7.85,-25.4,0.0,6.5,373.58,38.81,-14.01,15.59,-142.76,19.25,-22.95,-1.74,9.13,51.92,76.49,73.77,-7.16,-45.42,-8.42,-25.4,17.0,-35.04,7.8,38.81,4.0,2.0,4.0,,2.0,,1,,
3,18,0.0,2.97,55.95,0.0,2.97,25.5,96.04,45.04,2.52,18.93,0.0,-2.97,-350.36,17.16,0.0,-2.97,56.66,-12.98,-19.4,-36.98,22.79,-0.01,17.33,-25.72,96.04,45.04,2.52,18.93,-21.39,41.92,8.15,17.16,77.1,33.35,338.2,-12.98,2.0,2.0,2.0,2.0,3.0,2.0,0,0.0,0.0
3,19,0.0,-2.04,162.16,0.0,-2.04,-79.79,2.35,36.53,26.84,51.9,0.0,2.04,1.74,-26.0,0.0,2.04,377.89,32.24,-24.51,38.59,-115.97,4.06,-27.08,-2.75,2.35,36.53,26.84,51.9,-25.55,-36.7,-16.15,-26.0,10.0,-35.23,3.95,32.24,1.0,2.0,1.0,5.0,4.0,5.0,0,1.0,-1.0
3,20,0.0,7.8,-166.95,0.0,7.8,43.59,32.64,18.01,3.01,30.71,0.0,-7.8,-364.41,20.12,0.0,-7.8,13.03,-16.7,-23.96,-33.88,113.35,-0.7,13.02,-16.73,32.64,18.01,3.01,30.71,-2.19,37.66,2.96,20.12,18.75,42.94,352.51,-16.7,1.0,2.0,1.0,4.0,2.0,4.0,0,1.0,-1.0
3,21,0.0,-3.91,17.5,0.0,-3.91,12.19,8.3,1.2,6.49,4.25,0.0,3.91,10.5,0.23,0.0,3.91,-10.37,4.34,-8.88,-3.89,-2.51,2.15,1.34,4.57,8.3,1.2,6.49,4.25,3.98,-0.6,-0.31,0.23,-2.23,-0.1,-0.03,4.34,1.0,2.0,1.0,3.0,2.0,3.0,0,0.0,0.0
3,22,0.0,-1.64,9.38,0.0,-1.64,5.55,8.33,4.01,9.21,7.89,0.0,1.64,9.36,0.88,0.0,1.64,-5.45,2.87,-13.41,1.18,-6.18,-2.29,-0.22,7.39,8.33,4.01,9.21,7.89,9.37,3.39,-0.4,0.88,-3.49,-0.7,0.07,2.87,1.0,2.0,1.0,3.0,2.0,3.0,0,0.0,0.0
3,23,0.0,-3.31,20.39,0.0,-3.31,15.62,6.64,1.0,7.93,6.2,0.0,3.31,17.86,1.38,0.0,3.31,-13.43,5.33,-14.22,3.4,-13.01,-2.23,0.53,7.04,6.64,1.0,7.93,6.2,11.18,2.55,-0.38,1.38,-0.89,0.78,-0.03,5.33,1.0,2.0,1.0,3.0,2.0,3.0,0,0.0,0.0
3,24,0.0,-2.22,13.68,0.0,-2.22,10.4,2.69,15.61,1.47,3.76,0.0,2.22,4.56,-1.17,0.0,2.22,-6.02,2.55,-3.61,-4.67,6.62,1.43,0.05,3.04,2.69,15.61,1.47,3.76,1.81,-5.89,-0.27,-1.17,-5.44,3.94,0.03,2.55,1.0,2.0,1.0,3.0,2.0,3.0,0,0.0,0.0
4,1,0.0,-0.12,-4.31,0.0,-0.12,4.9,15.45,9.99,1.13,1.35,0.0,0.12,-4.83,-0.49,0.0,0.12,4.08,-0.76,1.92,-1.03,3.42,0.01,0.32,-0.33,15.45,9.99,1.13,1.35,-1.86,-0.31,-0.12,-0.49,6.45,0.03,-119.46,-0.76,1.0,2.0,1.0,1.0,2.0,1.0,0,0.0,0.0
4,2,0.0,0.13,1.71,0.0,0.13,-0.62,19.05,10.77,0.03,0.51,0.0,-0.13,-0.44,-0.49,0.0,-0.13,-1.32,0.32,0.7,-2.59,6.69,-2.45,-0.41,-0.75,19.05,10.77,0.03,0.51,-4.22,-0.64,-0.42,-0.49,5.95,-0.76,-119.47,0.32,1.0,2.0,1.0,2.0,2.0,2.0,0,0.0,0.0
4,3,0.0,-0.01,2.59,0.0,-0.01,-4.28,34.51,20.76,1.1,0.85,0.0,0.01,5.26,0.98,0.0,0.01,-2.76,0.44,-2.62,3.62,-10.11,2.44,0.09,1.08,34.51,20.76,1.1,0.85,6.08,0.95,0.55,0.98,-12.4,0.74,238.93,0.44,1.0,2.0,1.0,3.0,2.0,3.0,0,0.0,0.0
4,4,0.0,-0.07,6.55,0.0,-0.07,-6.9,32.05,21.07,0.44,0.83,0.0,0.07,6.16,-0.5,0.0,0.07,-5.09,-0.8,5.49,3.67,-16.92,3.89,0.05,0.45,32.05,21.07,0.44,0.83,8.39,-0.68,0.74,-0.5,-10.92,1.3,239.04,-0.8,1.0,2.0,1.0,2.0,2.0,2.0,0,0.0,0.0
4,5,0.0,0.44,7.37,0.0,0.44,-7.49,31.84,18.64,0.68,0.96,0.0,-0.44,5.75,-0.24,0.0,-0.44,-5.33,-0.06,3.53,-0.68,-0.6,2.99,-0.67,0.98,31.84,18.64,0.68,0.96,7.77,-0.94,0.69,-0.24,-13.66,0.49,238.74,-0.06,1.0,2.0,1.0,2.0,2.0,2.0,0,0.0,0.0
4,6,26.15,0.13,-175.84,0.0,0.13,81.11,1.72,22.27,13.31,7.36,-48.4,-0.13,-357.91,-2.9,44.83,-0.13,-1.53,-13.61,1.5,-46.13,148.44,8.87,11.51,-24.81,1.72,22.27,13.31,7.36,23.14,22.07,-0.17,-2.9,-11.18,24.76,-119.04,-13.61,3.0,4.0,3.0,3.0,4.0,3.0,0,0.0,0.0
4,7,0.0,2.6,156.47,0.0,2.6,62.7,28.65,71.28,6.77,11.91,0.0,-2.6,-390.74,9.08,0.0,-2.6,-23.62,-18.22,-1.74,-20.62,141.55,3.78,12.82,-25.63,28.65,71.28,6.77,11.91,-1.03,23.24,1.81,9.08,-22.34,24.46,-115.4,-18.22,1.0,2.0,1.0,4.0,2.0,4.0,0,1.0,-1.0
4,8,1.5,-29.54,-106.3,0.0,-29.54,139.07,48.85,28.98,83.35,60.15,78.8,29.54,-34.26,20.06,89.36,29.54,308.07,7.12,-18.61,-6.2,-6.11,-38.83,-75.03,-128.14,48.85,28.98,83.35,60.15,-44.33,80.96,9.4,20.06,-63.02,36.61,-112.91,7.12,6.0,4.0,7.0,7.0,2.0,7.0,2,2.0,0.0
4,9,10.66,8.92,171.66,0.0,8.92,76.49,2.8,17.02,22.02,28.58,-39.55,-8.92,-365.86,5.91,-40.5,-8.92,-21.4,-16.86,13.47,-42.8,108.04,9.79,8.55,-28.9,2.8,17.02,22.02,28.58,24.84,17.85,-2.83,5.91,18.48,-4.51,237.25,-16.86,1.0,4.0,2.0,3.0,4.0,3.0,0,0.0,0.0
4,10,0.0,0.0,0.0,0.0,4.95,-87.12,34.14,8.23,135.19,144.39,-169.53,-4.95,-263.78,44.06,132.39,-4.95,81.4,-64.33,0.0,0.0,0.0,-0.48,34.51,-149.91,34.14,8.23,135.19,144.39,13.52,-4.39,-27.4,44.06,115.8,-51.81,187.84,-64.33,4.0,4.0,4.0,5.0,2.0,4.0,1,1.0,0.0
4,11,59.06,2.98,78.34,0.0,2.98,-83.75,7.74,0.0,58.02,45.52,-155.37,-2.98,-260.09,31.98,0.0,0.0,0.0,-73.56,-34.55,-24.49,36.07,2.07,23.63,-116.09,7.74,0.0,58.02,45.52,14.24,-14.34,-16.84,31.98,0.0,0.0,0.0,-73.56,5.0,4.0,5.0,6.0,2.0,6.0,1,1.0,0.0
4,12,42.58,-1.16,-122.29,0.0,-1.16,-67.37,35.09,6.45,23.39,22.73,-46.22,1.16,-350.97,-7.12,-45.4,1.16,328.75,5.05,-26.95,41.87,-107.91,11.46,0.65,-29.55,35.09,6.45,23.39,22.73,40.09,19.89,6.82,-7.12,-6.37,-71.16,237.62,5.05,3.0,4.0,3.0,5.0,4.0,5.0,0,1.0,-1.0
4,13,42.39,-4.19,-106.18,0.0,-4.19,117.48,0.0,13.31,118.08,104.57,0.0,0.0,0.0,9.87,106.18,4.19,273.17,28.23,8.05,-24.9,-52.14,-19.98,-50.11,144.42,0.0,13.31,118.08,104.57,0.0,0.0,0.0,9.87,109.4,8.23,-81.91,28.23,6.0,2.0,6.0,7.0,2.0,7.0,1,2.0,-1.0
4,14,0.0,5.8,162.05,0.0,5.8,-38.43,23.6,14.34,3.83,14.16,0.0,-5.8,48.3,0.71,0.0,-5.8,-27.71,-3.31,7.2,-26.37,143.99,9.87,-2.66,-13.1,23.6,14.34,3.83,14.16,8.18,13.62,0.67,0.71,-2.65,7.82,239.92,-3.31,2.0,2.0,2.0,5.0,2.0,4.0,0,1.0,-1.0
4,15,7.69,33.74,-109.27,0.0,33.74,-124.39,10.72,47.13,29.14,21.37,-34.02,-33.74,-341.31,70.78,41.23,-33.74,0.33,-27.02,-39.86,-9.71,19.45,39.07,49.26,-78.08,10.72,47.13,29.14,21.37,65.97,-10.42,-35.69,70.78,50.56,8.32,216.35,-27.02,2.0,4.0,3.0,5.0,5.0,6.0,0,1.0,-1.0
4,16,39.87,-0.33,-101.42,0.0,-0.33,105.23,32.6,2.73,19.23,19.08,145.82,0.33,-269.72,-27.04,166.77,0.33,271.34,18.15,-51.64,13.8,-48.61,12.56,-9.13,108.21,32.6,2.73,19.23,19.08,6.33,-8.17,0.47,-27.04,34.3,-0.09,-100.41,18.15,3.0,7.0,6.0,4.0,2.0,4.0,1,1.0,0.0
4,17,0.0,6.75,164.4,0.0,6.75,60.07,6.47,29.7,9.99,23.44,0.0,-6.75,56.73,3.45,0.0,-6.75,-49.65,-13.52,-4.92,-44.2,104.09,4.93,3.51,-30.9,6.47,29.7,9.99,23.44,4.61,8.56,0.73,3.45,-1.84,2.77,-119.47,-13.52,1.0,2.0,1.0,4.0,2.0,4.0,0,1.0,-1.0
4,18,0.0,60.35,81.93,0.0,60.35,-171.67,9.02,9.28,31.21,42.98,0.0,-60.35,-327.79,-11.91,0.0,-60.35,24.15,9.2,-25.21,43.13,-26.7,29.44,73.52,-155.17,9.02,9.28,31.21,42.98,136.64,-69.19,111.97,-11.91,106.92,-68.46,-89.84,9.2,3.0,2.0,3.0,7.0,7.0,9.0,0,2.0,-2.0
4,19,38.83,-5.64,-107.73,0.0,-5.64,158.43,4.63,19.11,27.21,19.75,99.4,5.64,-30.31,-9.3,-99.09,5.64,310.93,4.17,-42.24,-7.02,-59.52,7.85,0.49,129.3,4.63,19.11,27.21,19.75,36.37,35.62,9.07,-9.3,31.01,16.42,-110.85,4.17,3.0,7.0,6.0,4.0,4.0,4.0,1,1.0,0.0
4,20,0.0,5.47,176.14,0.0,5.47,57.6,9.08,12.01,16.84,21.9,0.0,-5.47,58.18,10.32,0.0,-5.47,-51.73,-9.53,-21.16,-34.6,92.88,5.49,6.53,-35.92,9.08,12.01,16.84,21.9,-0.86,19.47,1.21,10.32,-10.96,1.46,-118.65,-9.53,1.0,2.0,1.0,4.0,2.0,4.0,0,1.0,-1.0
4,21,0.0,2.61,126.73,0.0,2.61,90.17,2.46,2.76,10.12,17.47,0.0,-2.61,-404.61,12.87,0.0,-2.61,-41.02,-44.92,-40.91,-2.83,149.98,5.09,20.47,-9.34,2.46,2.76,10.12,17.47,6.04,25.61,0.75,12.87,-14.71,20.31,-114.39,-44.92,1.0,2.0,1.0,5.0,2.0,4.0,0,1.0,-1.0
4,22,21.68,-24.69,-162.06,0.0,-24.69,-100.12,27.88,0.93,15.11,13.88,-34.98,24.69,28.17,-66.34,-32.49,24.69,371.55,36.86,-38.19,62.27,151.07,5.86,-38.15,-20.67,27.88,0.93,15.11,13.88,-0.92,-9.81,-10.32,-66.34,8.65,-38.51,-111.28,36.86,4.0,4.0,4.0,5.0,2.0,4.0,1,1.0,0.0
4,23,0.0,0.0,0.0,0.0,17.79,-137.31,16.72,2.23,46.58,62.91,0.0,-17.79,-343.8,74.51,0.0,-17.79,6.74,-77.92,0.0,0.0,0.0,56.43,78.49,-62.15,16.72,2.23,46.58,62.91,81.5,-3.29,-75.63,74.51,82.75,-7.06,169.68,-77.92,2.0,2.0,2.0,4.0,5.0,5.0,0,1.0,-1.0
4,24,0.0,-5.38,147.35,0.0,-5.38,49.53,4.13,41.29,14.48,16.48,0.0,5.38,39.42,1.13,0.0,5.38,-17.25,-9.15,-34.87,13.52,147.36,-3.96,10.57,-2.92,4.13,41.29,14.48,16.48,-9.0,9.71,0.67,1.13,-38.65,8.38,-119.59,-9.15,1.0,2.0,1.0,4.0,2.0,4.0,0,1.0,-1.0
4,25,0.0,-29.53,-109.4,0.0,-29.53,177.83,16.86,9.63,14.9,25.43,0.0,29.53,21.62,31.39,0.0,29.53,320.95,-36.83,11.45,-31.89,13.68,10.21,-66.77,-179.49,16.86,9.63,14.9,25.43,9.76,63.84,-1.32,31.39,-93.3,59.95,-49.31,-36.83,4.0,2.0,4.0,4.0,2.0,4.0,1,1.0,0.0
4,26,0.0,-1.26,20.33,0.0,-1.26,-10.42,24.06,6.05,5.24,8.19,0.0,1.26,6.31,0.82,0.0,1.26,-6.36,-0.69,4.19,-13.53,10.3,11.36,2.3,-5.07,24.06,6.05,5.24,8.19,5.01,-5.66,0.47,0.82,-20.16,4.82,238.49,-0.69,2.0,2.0,2.0,2.0,2.0,2.0,0,0.0,0.0
4,27,0.0,0.18,5.31,0.0,0.18,-6.6,27.6,25.09,4.19,5.95,0.0,-0.18,6.62,0.6,0.0,-0.18,-7.64,-3.72,-15.11,2.71,-6.27,3.18,1.94,-3.65,27.6,25.09,4.19,5.95,1.82,-1.68,0.35,0.6,-3.87,1.41,239.89,-3.72,1.0,2.0,1.0,3.0,2.0,3.0,0,0.0,0.0
4,28,0.0,0.48,6.14,0.0,0.48,-4.68,26.85,23.34,4.64,5.75,0.0,-0.48,5.08,2.65,0.0,-0.48,-5.69,-2.29,-19.61,1.85,-10.83,3.01,1.82,-3.01,26.85,23.34,4.64,5.75,1.77,-1.24,0.37,2.65,-5.0,1.23,239.86,-2.29,1.0,2.0,1.0,3.0,2.0,3.0,0,0.0,0.0
4,29,0.0,0.5,-26.86,0.0,0.5,-6.85,27.25,23.52,5.46,6.65,0.0,-0.5,7.16,0.21,0.0,-0.5,-8.02,-4.57,-14.78,-4.13,13.71,4.54,1.93,-4.16,27.25,23.52,5.46,6.65,3.7,-1.37,0.46,0.21,-3.07,1.26,239.96,-4.57,1.0,2.0,1.0,3.0,2.0,3.0,0,0.0,0.0
5,1,0.0,-0.83,-1.25,0.0,-0.83,-5.29,0.23,0.24,1.05,0.79,0.0,0.83,-5.14,-0.61,0.0,0.83,5.72,0.71,-1.7,-0.3,-0.41,-1.15,0.14,2.5,0.23,0.24,1.05,0.79,0.06,-0.03,-0.09,-0.61,-2.1,-0.39,-0.12,0.71,1.0,2.0,1.0,3.0,2.0,3.0,0,0.0,0.0
5,2,0.0,0.6,8.98,0.0,0.6,5.1,0.5,0.51,0.27,1.44,0.0,-0.6,4.58,0.71,0.0,-0.6,-4.98,-0.3,1.44,0.07,-0.31,0.64,-0.07,-1.86,0.5,0.51,0.27,1.44,-1.79,-0.24,0.14,0.71,0.77,0.67,0.11,-0.3,1.0,2.0,1.0,2.0,2.0,2.0,0,0.0,0.0
5,3,0.0,0.24,-7.73,0.0,0.24,0.19,0.27,0.28,0.78,0.65,0.0,-0.24,0.56,-0.1,0.0,-0.24,-0.74,-0.42,0.26,0.23,0.72,0.51,-0.07,-0.64,0.27,0.28,0.78,0.65,1.73,0.28,-0.05,-0.1,1.33,-0.28,0.01,-0.42,1.0,2.0,1.0,2.0,2.0,2.0,0,0.0,0.0
5,4,0.0,-0.88,-4.89,0.0,-0.88,-5.73,1.44,0.08,0.96,0.28,0.0,0.88,-4.15,0.09,0.0,0.88,4.92,2.44,-2.96,1.56,5.56,0.51,-0.32,0.61,1.44,0.08,0.96,0.28,0.27,1.2,-0.15,0.09,0.29,-0.62,-0.3,2.44,1.0,2.0,1.0,3.0,2.0,3.0,0,0.0,0.0
5,5,0.0,3.92,158.86,0.0,3.92,-105.65,19.97,31.01,4.52,17.54,0.0,-3.92,-42.72,-47.4,0.0,-3.92,361.37,42.05,-13.57,75.1,156.72,44.79,-36.27,-27.63,19.97,31.01,4.52,17.54,-68.26,-43.47,-51.32,-47.4,15.06,-52.84,-0.28,42.05,1.0,2.0,1.0,6.0,4.0,7.0,0,2.0,-2.0
5,6,0.0,-2.98,83.99,0.0,-2.98,15.66,15.38,25.05,15.81,34.76,0.0,2.98,-13.73,-0.92,0.0,2.98,-18.3,-5.64,6.67,-71.71,-14.33,-8.58,4.1,-7.86,15.38,25.05,15.81,34.76,-20.11,-19.97,2.24,-0.92,-16.26,-3.94,1.8,-5.64,1.0,2.0,1.0,2.0,4.0,3.0,0,0.0,0.0
5,7,0.0,-13.11,160.5,0.0,-13.11,134.92,25.28,12.21,22.65,14.57,0.0,13.11,-330.61,70.87,0.0,13.11,63.08,-63.88,-7.0,-47.17,145.81,88.97,70.08,73.15,25.28,12.21,22.65,14.57,50.07,85.61,-42.02,70.87,-101.94,43.7,103.87,-63.88,1.0,2.0,1.0,6.0,5.0,8.0,0,2.0,-2.0
5,8,0.0,-4.65,140.14,0.0,-4.65,-71.21,1.46,11.77,3.84,1.16,0.0,4.65,6.2,-24.14,0.0,4.65,387.51,17.66,-40.44,69.46,-80.7,26.33,-17.01,5.39,1.46,11.77,3.84,1.16,-1.22,-33.94,-3.08,-24.14,27.68,-27.04,3.51,17.66,1.0,2.0,1.0,5.0,2.0,4.0,0,1.0,-1.0
5,9,0.0,5.33,156.06,0.0,5.33,-44.08,67.18,32.81,5.82,1.59,0.0,-5.33,19.81,1.22,0.0,-5.33,382.41,3.23,-12.05,-18.17,-168.03,4.87,-5.51,-9.95,67.18,32.81,5.82,1.59,-3.59,-5.2,-0.06,1.22,-1.34,-11.92,-0.23,3.23,1.0,1.0,1.0,5.0,1.0,4.0,0,1.0,-1.0
5,10,0.0,-9.05,-112.48,0.0,-9.05,115.73,23.97,7.75,0.11,12.14,0.0,9.05,-349.29,62.16,0.0,9.05,10.2,-31.63,-27.8,-70.71,99.42,53.36,64.64,-2.55,23.97,7.75,0.11,12.14,79.64,45.05,-46.49,62.16,78.23,52.18,311.34,-31.63,1.0,2.0,1.0,5.0,5.0,6.0,0,1.0,-1.0
5,11,0.0,0.0,0.0,0.0,-2.46,-71.32,5.16,8.76,4.49,1.36,0.0,2.46,6.38,-20.08,0.0,2.46,383.08,20.97,0.0,0.0,0.0,24.58,-18.21,2.01,5.16,8.76,4.49,1.36,-10.04,-29.87,-6.04,-20.08,21.95,-29.82,1.79,20.97,1.0,2.0,1.0,3.0,2.0,3.0,0,0.0,0.0
5,12,0.0,-2.58,166.28,0.0,-2.58,20.98,23.66,24.11,42.66,8.34,0.0,2.58,-4.5,22.48,0.0,2.58,-16.42,26.38,-159.42,10.91,-173.21,44.22,6.57,-2.55,23.66,24.11,42.66,8.34,14.29,-23.1,-0.46,22.48,39.05,-2.55,358.94,26.38,2.0,2.0,2.0,6.0,2.0,6.0,0,1.0,-1.0
5,13,0.0,0.0,0.0,0.0,15.35,109.91,71.86,18.3,34.76,18.05,0.0,-15.35,-382.51,69.03,0.0,-15.35,39.2,-64.02,0.0,0.0,0.0,1.74,54.35,4.27,71.86,18.3,34.76,18.05,-2.19,43.06,10.88,69.03,-90.54,31.93,85.96,-64.02,2.0,2.0,2.0,3.0,2.0,3.0,0,0.0,0.0
5,14,0.0,-6.91,155.88,0.0,-6.91,20.79,7.85,12.66,0.23,15.44,0.0,6.91,10.28,-7.24,0.0,6.91,-32.87,9.16,-21.84,44.33,139.63,5.14,-3.11,19.29,7.85,12.66,0.23,15.44,-1.01,-14.57,-1.18,-7.24,10.93,-11.77,359.07,9.16,1.0,2.0,1.0,4.0,2.0,4.0,0,1.0,-1.0
5,15,0.0,1.18,170.18,0.0,1.18,-61.43,9.72,61.72,13.01,13.67,0.0,-1.18,-26.87,-13.77,0.0,-1.18,381.32,19.72,-14.28,47.34,-174.18,13.68,-19.79,8.41,9.72,61.72,13.01,13.67,-33.31,-48.65,-14.48,-13.77,22.11,-21.01,1.38,19.72,1.0,2.0,1.0,5.0,4.0,5.0,0,1.0,-1.0
5,16,0.0,2.75,127.82,0.0,2.75,72.92,45.08,57.44,12.88,15.35,0.0,-2.75,-385.08,27.91,0.0,-2.75,8.95,-22.17,-4.83,-61.35,4.73,17.66,27.45,-14.21,45.08,57.44,12.88,15.35,24.3,31.01,-8.18,27.91,-4.68,53.33,10.64,-22.17,1.0,2.0,1.0,4.0,4.0,4.0,0,1.0,-1.0
5,17,0.0,0.0,0.0,0.0,-11.69,59.1,54.74,30.74,16.89,5.43,-31.81,11.69,26.66,-11.41,-33.8,11.69,372.44,14.42,0.0,0.0,0.0,9.21,-4.03,34.49,54.74,30.74,16.89,5.43,23.18,9.17,2.89,-11.41,23.54,-21.32,1.18,14.42,2.0,4.0,3.0,3.0,4.0,3.0,0,0.0,0.0
5,18,0.0,2.52,-148.54,0.0,2.52,-50.84,15.72,37.36,14.52,2.74,0.0,-2.52,19.33,-7.62,0.0,-2.52,-34.47,7.54,-27.37,0.31,176.46,1.11,-10.43,5.9,15.72,37.36,14.52,2.74,-0.2,-10.92,-0.99,-7.62,-1.17,-6.29,357.89,7.54,1.0,2.0,1.0,4.0,2.0,4.0,0,1.0,-1.0
5,19,0.0,12.95,172.28,0.0,12.95,94.72,32.42,5.83,6.64,12.84,0.0,-12.95,-378.67,63.71,0.0,-12.95,7.32,-29.24,-21.32,-64.54,80.87,24.39,44.9,-27.66,32.42,5.83,6.64,12.84,38.63,41.72,-24.6,63.71,38.84,60.94,339.62,-29.24,1.0,2.0,1.0,5.0,4.0,5.0,0,1.0,-1.0
5,20,0.0,0.0,0.0,0.0,-14.45,-77.69,4.96,33.3,20.15,20.27,0.0,14.45,-23.51,-29.62,0.0,14.45,394.35,40.8,0.0,0.0,0.0,34.7,-24.98,13.3,4.96,33.3,20.15,20.27,-4.46,-58.55,-7.97,-29.62,39.83,-18.12,14.05,40.8,1.0,2.0,1.0,3.0,2.0,3.0,0,0.0,0.0
5,21,0.0,-5.95,-133.86,0.0,-5.95,-60.04,70.6,61.39,36.38,22.79,0.0,5.95,-95.59,-23.57,0.0,5.95,346.77,61.14,-111.68,66.64,-165.95,49.8,-35.46,1.93,70.6,61.39,36.38,22.79,-100.6,-60.16,-86.51,-23.57,42.55,-33.5,18.37,61.14,2.0,2.0,2.0,7.0,3.0,7.0,0,2.0,-2.0
5,22,0.0,-1.87,160.73,0.0,-1.87,46.71,75.76,57.82,23.19,17.18,0.0,1.87,-0.19,23.0,0.0,1.87,-14.73,-14.72,-107.96,-54.6,148.23,29.8,14.82,13.86,75.76,57.82,23.19,17.18,48.76,-25.67,-22.64,23.0,-24.22,-3.19,12.64,-14.72,1.0,2.0,1.0,5.0,4.0,5.0,0,1.0,-1.0
5,23,0.0,0.0,0.0,0.0,15.24,111.06,88.46,8.11,38.2,19.34,0.0,-15.24,-365.87,79.94,0.0,-15.24,67.69,-48.72,0.0,0.0,0.0,-0.72,62.98,58.41,88.46,8.11,38.2,19.34,-30.29,32.28,46.51,79.94,-102.76,-27.95,63.86,-48.72,2.0,2.0,2.0,3.0,3.0,3.0,0,0.0,0.0
5,24,0.0,-0.71,172.52,0.0,-0.71,46.96,64.22,12.87,42.75,10.54,0.0,0.71,-380.49,16.17,0.0,0.71,7.53,-12.22,-9.03,-23.03,155.31,9.75,16.18,-4.55,64.22,12.87,42.75,10.54,12.38,21.29,-1.83,16.17,-16.13,33.77,9.2,-12.22,2.0,2.0,2.0,5.0,2.0,4.0,0,1.0,-1.0
5,25,0.0,0.65,-2.72,0.0,0.65,-6.73,1.37,10.52,4.7,1.92,0.0,-0.65,-4.68,-1.73,0.0,-0.65,8.27,-0.7,11.76,0.42,7.0,3.57,-1.41,2.93,1.37,10.52,4.7,1.92,2.69,0.49,-0.15,-1.73,-1.76,1.67,-0.11,-0.7,1.0,2.0,1.0,2.0,2.0,2.0,0,0.0,0.0
5,26,0.0,0.57,-13.16,0.0,0.57,3.71,1.0,8.27,4.98,2.23,0.0,-0.57,3.58,-2.49,0.0,-0.57,-2.26,-1.73,10.28,1.42,3.68,5.12,-1.13,1.62,1.0,8.27,4.98,2.23,2.55,-1.32,-0.13,-2.49,-0.56,1.72,-0.1,-1.73,1.0,2.0,1.0,2.0,2.0,2.0,0,0.0,0.0
5,27,0.0,1.31,11.41,0.0,1.31,-18.98,6.94,4.26,6.36,1.62,0.0,-1.31,5.72,-3.36,0.0,-1.31,-5.53,-3.2,14.45,-1.59,8.56,4.11,-1.61,1.18,6.94,4.26,6.36,1.62,-1.07,-0.75,-0.01,-3.36,0.3,0.48,-0.07,-3.2,1.0,2.0,1.0,2.0,2.0,2.0,0,0.0,0.0
6,1,0.0,0.11,-7.77,0.0,0.11,6.96,1.41,0.41,0.24,0.13,0.0,-0.11,-6.34,1.73,0.0,-0.11,6.53,0.52,-3.19,0.72,2.23,-0.67,0.43,-0.62,1.41,0.41,0.24,0.13,-2.16,0.37,0.19,1.73,0.3,0.19,0.09,0.52,1.0,2.0,1.0,3.0,2.0,3.0,0,0.0,0.0
6,2,0.0,-0.11,3.25,0.0,-0.11,-2.8,0.23,0.49,0.22,2.58,0.0,0.11,2.66,-0.58,0.0,0.11,-2.48,-0.12,1.1,-0.35,-0.78,0.36,-0.09,0.47,0.23,0.49,0.22,2.58,0.78,-0.13,-0.08,-0.58,0.19,0.1,-0.05,-0.12,1.0,2.0,1.0,2.0,2.0,2.0,0,0.0,0.0
6,3,0.0,0.0,4.52,0.0,0.0,-4.16,1.18,0.08,0.02,2.71,0.0,-0.0,3.68,-1.15,0.0,-0.0,-4.05,-0.4,2.1,-0.38,-1.45,0.31,-0.34,0.15,1.18,0.08,0.02,2.71,1.37,-0.24,-0.11,-1.15,-0.49,-0.29,-0.04,-0.4,1.0,2.0,1.0,2.0,2.0,2.0,0,0.0,0.0
6,4,0.0,-0.14,10.16,0.0,-0.14,-9.93,2.23,1.44,3.5,0.57,0.0,0.14,9.54,-2.56,0.0,0.14,-8.45,-0.64,8.75,-1.12,-0.14,1.86,-0.68,0.61,2.23,1.44,3.5,0.57,5.56,-0.02,-0.29,-2.56,-0.11,0.47,-0.15,-0.64,2.0,2.0,2.0,2.0,2.0,2.0,0,0.0,0.0
6,5,0.0,4.67,64.38,0.0,4.67,-21.34,3.79,7.89,16.68,1.21,0.0,-4.67,13.34,-3.6,0.0,-4.67,-21.29,-5.64,10.78,-39.98,53.4,4.62,-2.76,-11.14,3.79,7.89,16.68,1.21,-2.95,-2.54,0.37,-3.6,5.86,-2.84,-0.18,-5.64,1.0,2.0,1.0,4.0,2.0,4.0,0,1.0,-1.0
6,6,0.0,2.35,-178.48,0.0,2.35,46.87,20.24,37.98,0.47,24.43,0.0,-2.35,-390.55,6.8,0.0,-2.35,-7.17,-7.46,3.91,-53.68,144.89,14.05,8.88,-14.0,20.24,37.98,0.47,24.43,11.84,9.52,-1.07,6.8,3.33,21.69,0.74,-7.46,1.0,2.0,1.0,4.0,2.0,4.0,0,1.0,-1.0
6,7,0.0,-5.77,-89.66,0.0,-5.77,57.01,21.35,2.63,2.34,10.96,0.0,5.77,-359.99,15.26,0.0,5.77,11.9,-11.11,-0.31,-39.31,54.72,26.23,22.88,-3.44,21.35,2.63,2.34,10.96,30.58,32.66,-6.52,15.26,25.17,32.63,354.56,-11.11,1.0,2.0,1.0,5.0,4.0,5.0,0,1.0,-1.0
6,8,0.0,-4.37,178.66,0.0,-4.37,-22.38,2.16,46.0,3.46,7.32,0.0,4.37,-4.86,-8.47,0.0,4.37,-20.29,6.84,-27.04,28.28,179.28,8.81,-5.33,20.23,2.16,46.0,3.46,7.32,26.47,-20.27,1.55,-8.47,-1.47,-5.09,358.55,6.84,1.0,2.0,1.0,,4.0,,0,,
6,9,0.0,-0.99,168.67,0.0,-0.99,-75.46,18.11,19.74,38.0,6.93,0.0,0.99,-25.17,-42.05,0.0,0.99,371.37,33.03,-4.4,36.01,-131.58,46.91,-30.86,-4.9,18.11,19.74,38.0,6.93,1.07,-56.64,-4.81,-42.05,43.9,-38.7,18.79,33.03,2.0,2.0,2.0,7.0,2.0,7.0,0,2.0,-2.0
6,10,0.0,0.44,6.36,0.0,0.44,-5.36,4.6,0.84,0.92,3.09,0.0,-0.44,-0.14,-1.43,0.0,-0.44,-0.81,-3.4,0.5,6.98,-20.75,2.75,0.86,-2.75,4.6,0.84,0.92,3.09,-1.23,-5.64,0.23,-1.43,-2.45,5.55,0.35,-3.4,1.0,2.0,1.0,2.0,2.0,2.0,0,0.0,0.0
6,11,0.0,-5.86,-175.04,0.0,-5.86,78.64,22.82,20.92,4.77,12.36,0.0,5.86,-380.56,17.94,0.0,5.86,5.24,-18.42,-16.71,-41.82,129.8,19.84,27.56,-5.89,22.82,20.92,4.77,12.36,19.25,31.06,-4.43,17.94,-15.33,39.61,10.05,-18.42,1.0,2.0,1.0,4.0,2.0,4.0,0,1.0,-1.0
6,12,0.0,-10.4,-176.58,0.0,-10.4,48.11,0.31,58.97,5.44,9.67,0.0,10.4,12.54,-10.3,0.0,10.4,-32.98,7.98,-23.17,26.7,-170.15,5.89,-0.4,28.54,0.31,58.97,5.44,9.67,10.52,-23.19,0.04,-10.3,-4.93,-4.89,357.82,7.98,1.0,2.0,1.0,,2.0,,0,,
6,13,0.0,-1.05,-166.22,0.0,-1.05,-31.73,5.53,9.54,19.98,18.41,0.0,1.05,9.55,-6.06,0.0,1.05,-25.06,5.19,-5.53,-8.3,-150.79,19.22,-5.97,8.34,5.53,9.54,19.98,18.41,11.17,-16.95,-0.13,-6.06,13.72,1.98,-0.16,5.19,1.0,2.0,1.0,4.0,2.0,4.0,0,1.0,-1.0
6,14,0.0,-0.28,92.7,0.0,-0.28,87.4,29.96,0.56,9.79,27.81,0.0,0.28,-379.72,29.93,0.0,0.28,19.97,-29.2,8.7,-37.82,25.84,2.93,33.14,-22.32,29.96,0.56,9.79,27.81,11.66,35.16,-2.53,29.93,-32.47,59.57,30.08,-29.2,1.0,2.0,1.0,3.0,2.0,3.0,0,0.0,0.0
6,15,0.0,-3.57,-105.13,0.0,-3.57,77.61,41.41,14.49,8.39,14.39,0.0,3.57,-371.85,23.06,0.0,3.57,18.04,-21.62,4.59,-34.05,-111.65,5.11,32.37,-30.63,41.41,14.49,8.39,14.39,19.88,31.66,-5.48,23.06,59.51,37.06,336.87,-21.62,1.0,2.0,1.0,3.0,2.0,3.0,0,0.0,0.0
6,16,0.0,-3.91,-29.1,0.0,-3.91,13.92,47.16,51.25,1.26,60.81,0.0,3.91,-35.33,7.98,0.0,3.91,38.68,-0.39,-68.43,23.08,13.37,-24.2,3.96,-4.98,47.16,51.25,1.26,60.81,-16.72,-26.41,3.39,7.98,-33.93,34.8,6.01,-0.39,1.0,2.0,1.0,4.0,2.0,4.0,0,1.0,-1.0
6,17,0.0,-2.76,167.99,0.0,-2.76,-68.96,18.37,43.48,17.29,26.42,0.0,2.76,-64.62,-41.78,0.0,2.76,359.43,33.84,9.98,34.96,-132.28,40.37,-34.98,2.17,18.37,43.48,17.29,26.42,-79.97,-57.95,-62.36,-41.78,24.78,-46.11,8.61,33.84,1.0,2.0,1.0,5.0,4.0,5.0,0,1.0,-1.0
6,18,0.0,-2.63,176.31,0.0,-2.63,-15.79,11.61,14.45,1.9,7.14,0.0,2.63,-7.22,-5.14,0.0,2.63,-3.2,7.56,-15.72,-6.27,-148.5,7.41,-4.31,10.79,11.61,14.45,1.9,7.14,-3.9,-19.81,-1.23,-5.14,-8.16,4.88,358.28,7.56,1.0,2.0,1.0,4.0,2.0,4.0,0,1.0,-1.0
6,19,0.0,0.0,0.0,0.0,-2.75,108.69,19.82,8.58,11.98,19.96,0.0,2.75,-347.44,44.72,0.0,2.75,39.04,-55.58,0.0,0.0,0.0,42.71,55.76,1.47,19.82,8.58,11.98,19.96,49.83,58.13,-33.44,44.72,102.21,68.01,271.74,-55.58,2.0,2.0,2.0,4.0,5.0,5.0,0,1.0,-1.0
6,20,0.0,-2.45,-177.72,0.0,-2.45,33.94,14.3,8.86,5.25,79.96,0.0,2.45,-372.99,7.8,0.0,2.45,-3.76,-4.11,-31.6,16.16,146.21,23.8,11.56,-3.78,14.3,8.86,5.25,79.96,15.71,10.85,-1.54,7.8,16.37,6.75,358.55,-4.11,1.0,2.0,1.0,,2.0,,0,,
6,21,0.0,2.31,163.68,0.0,2.31,-30.8,27.77,24.07,44.54,24.8,0.0,-2.31,-3.91,-8.09,0.0,-2.31,-29.85,7.73,-23.41,35.69,-161.98,18.4,-11.53,7.89,27.77,24.07,44.54,24.8,16.02,-23.71,0.57,-8.09,7.83,-10.08,359.43,7.73,2.0,2.0,2.0,5.0,2.0,4.0,0,1.0,-1.0
6,22,0.0,8.35,179.64,0.0,8.35,-94.2,101.84,15.16,9.09,24.89,0.0,-8.35,-55.96,-54.95,0.0,-8.35,334.94,41.29,5.98,32.79,-141.09,69.22,-45.06,-16.06,101.84,15.16,9.09,24.89,-86.19,-75.75,-90.91,-54.95,74.84,-62.32,43.13,41.29,1.0,2.0,1.0,6.0,4.0,7.0,0,2.0,-2.0
6,23,0.0,3.1,-165.55,0.0,3.1,-28.89,21.18,4.49,5.8,13.65,0.0,-3.1,22.85,1.37,0.0,-3.1,-27.42,-4.27,-10.38,-32.68,104.05,9.71,3.09,-19.05,21.18,4.49,5.8,13.65,-0.75,-4.06,0.5,1.37,2.21,3.98,0.29,-4.27,2.0,2.0,2.0,5.0,2.0,4.0,0,1.0,-1.0
6,24,0.0,-6.34,-153.33,0.0,-6.34,49.83,51.8,28.55,6.97,7.23,0.0,6.34,26.47,12.34,0.0,6.34,18.4,-14.13,-30.63,-8.46,116.62,1.89,19.74,0.32,51.8,28.55,6.97,7.23,-2.02,9.23,2.36,12.34,-31.48,28.55,11.54,-14.13,1.0,2.0,1.0,4.0,2.0,4.0,0,1.0,-1.0
6,25,0.0,-6.93,179.65,0.0,-6.93,-34.88,1.23,35.55,8.07,0.41,0.0,6.93,-9.58,-7.32,0.0,6.93,375.41,8.33,-25.83,28.68,-165.1,23.58,-11.82,30.31,1.23,35.55,8.07,0.41,37.54,-34.25,3.18,-7.32,22.59,-26.55,0.82,8.33,1.0,2.0,1.0,,4.0,,0,,
6,26,0.0,4.14,-167.56,0.0,4.14,-25.93,19.49,2.59,11.93,10.57,0.0,-4.14,12.34,-0.34,0.0,-4.14,-22.9,-3.64,-4.64,-29.69,107.73,5.04,-1.5,-13.18,19.49,2.59,11.93,10.57,-0.67,-10.09,0.33,-0.34,-3.23,3.51,0.55,-3.64,2.0,2.0,2.0,6.0,2.0,6.0,0,1.0,-1.0
6,27,0.0,2.62,-179.36,0.0,2.62,-68.16,16.6,5.49,1.95,22.58,0.0,-2.62,-329.11,54.72,0.0,-2.62,59.46,-86.07,-15.55,-15.12,-80.3,84.46,60.64,-10.72,16.6,5.49,1.95,22.58,86.24,16.84,-71.53,54.72,116.51,21.68,274.16,-86.07,1.0,2.0,1.0,7.0,5.0,9.0,0,2.0,-2.0
6,28,0.0,-5.59,-52.13,0.0,-5.59,-6.93,37.95,62.5,6.12,18.61,0.0,5.59,-20.59,-3.33,0.0,5.59,25.51,8.84,-36.5,23.72,23.39,-6.64,1.11,13.78,37.95,62.5,6.12,18.61,10.89,-27.53,-0.09,-3.33,-28.11,23.75,356.54,8.84,1.0,2.0,1.0,4.0,2.0,4.0,0,1.0,-1.0
6,29,0.0,0.0,0.0,0.0,5.34,-46.8,135.98,59.25,6.4,13.45,0.0,-5.34,-44.19,-10.0,0.0,-5.34,381.4,11.96,0.0,0.0,0.0,34.16,-22.46,11.11,135.98,59.25,6.4,13.45,41.27,-65.89,12.93,-10.0,32.35,-15.09,2.9,11.96,1.0,2.0,1.0,3.0,4.0,3.0,0,0.0,0.0
6,30,0.0,3.08,175.81,0.0,3.08,-31.96,55.87,12.55,3.5,28.57,0.0,-3.08,-8.37,-6.27,0.0,-3.08,-22.29,6.15,1.8,12.43,-147.6,18.6,-10.88,8.55,55.87,12.55,3.5,28.57,7.28,-29.75,-0.37,-6.27,8.89,-0.49,359.55,6.15,1.0,2.0,1.0,3.0,2.0,3.0,0,0.0,0.0
6,31,0.0,-1.01,-4.87,0.0,-1.01,7.93,3.0,0.89,14.36,7.9,0.0,1.01,-4.2,-1.7,0.0,1.01,6.07,-2.7,8.46,-1.1,-2.46,4.66,1.74,1.39,3.0,0.89,14.36,7.9,9.69,1.61,-0.45,-1.7,5.86,-0.84,-0.23,-2.7,1.0,2.0,1.0,2.0,2.0,2.0,0,0.0,0.0
6,32,0.0,-0.31,-4.09,0.0,-0.31,7.74,2.34,0.87,14.57,2.68,0.0,0.31,-5.84,-1.98,0.0,0.31,6.43,-3.92,8.3,-2.62,0.81,5.24,1.56,1.61,2.34,0.87,14.57,2.68,9.89,-0.03,-0.49,-1.98,7.68,-0.54,-0.3,-3.92,1.0,2.0,1.0,2.0,2.0,2.0,0,0.0,0.0
6,33,0.0,-0.05,-0.81,0.0,-0.05,6.97,3.75,0.92,12.77,4.97,0.0,0.05,-5.38,-2.04,0.0,0.05,7.59,-3.01,9.12,-4.86,-5.13,3.64,0.77,-0.27,3.75,0.92,12.77,4.97,6.77,0.57,-0.3,-2.04,11.16,0.52,359.5,-3.01,1.0,2.0,1.0,2.0,2.0,2.0,0,0.0,0.0
7,1,0.0,0.94,8.16,0.0,0.94,4.4,1.88,5.64,0.45,0.25,0.0,-0.94,3.56,2.01,0.0,-0.94,-3.75,-0.01,-3.05,-5.05,2.6,-1.3,-0.01,-1.49,1.88,5.64,0.45,0.25,-3.66,-0.28,0.12,2.01,-0.02,0.94,-119.77,-0.01,1.0,2.0,1.0,3.0,2.0,3.0,0,0.0,0.0
7,2,0.0,0.09,3.04,0.0,0.09,4.05,2.97,2.08,0.65,0.28,0.0,-0.09,3.0,0.51,0.0,-0.09,-3.47,0.38,-0.55,1.34,-0.4,0.41,0.05,0.37,2.97,2.08,0.65,0.28,0.5,-1.17,-0.04,0.51,-0.17,0.46,-119.98,0.38,1.0,2.0,1.0,3.0,2.0,3.0,0,0.0,0.0
7,3,0.0,-1.03,-11.19,0.0,-1.03,-8.45,1.09,3.56,1.1,0.53,0.0,1.03,-6.57,-2.52,0.0,1.03,7.22,-0.37,3.6,3.71,-2.21,0.88,-0.03,1.11,1.09,3.56,1.1,0.53,3.16,1.45,-0.08,-2.52,0.19,-1.4,239.75,-0.37,1.0,2.0,1.0,2.0,2.0,2.0,0,0.0,0.0
7,4,0.0,-4.66,121.41,0.0,-4.66,19.65,7.15,4.52,0.9,4.56,0.0,4.66,23.91,-0.79,0.0,4.66,-13.94,1.7,-23.38,58.81,-132.0,4.31,2.04,22.29,7.15,4.52,0.9,4.56,0.81,6.25,-0.12,-0.79,7.92,0.68,239.86,1.7,1.0,2.0,1.0,4.0,2.0,4.0,0,1.0,-1.0
7,5,0.0,3.23,134.15,0.0,3.23,-50.72,7.49,17.54,7.98,4.74,0.0,-3.23,-385.79,-5.03,0.0,-3.23,-28.1,9.27,-43.06,7.82,178.52,5.37,-10.24,2.87,7.49,17.54,7.98,4.74,-0.57,14.23,-0.64,-5.03,3.74,-5.29,238.84,9.27,1.0,2.0,1.0,4.0,2.0,4.0,0,1.0,-1.0
7,6,0.0,-4.05,164.39,0.0,-4.05,61.82,16.83,11.12,4.04,7.69,0.0,4.05,-375.09,42.47,0.0,4.05,12.86,-24.7,-40.94,-16.91,155.31,39.16,39.09,4.71,16.83,11.12,4.04,7.69,23.55,22.52,-11.5,42.47,45.45,29.94,221.81,-24.7,1.0,2.0,1.0,5.0,4.0,5.0,0,1.0,-1.0
7,7,0.0,0.0,0.0,0.0,-0.75,-106.62,50.14,3.77,21.17,2.01,-22.38,0.75,14.53,-21.88,-21.67,0.75,350.09,28.89,0.0,0.0,0.0,30.41,-49.08,39.28,50.14,3.77,21.17,2.01,49.41,-6.15,17.38,-21.88,76.63,-38.08,-97.26,28.89,1.0,4.0,2.0,3.0,5.0,4.0,0,1.0,-1.0
7,8,0.0,-0.43,164.82,0.0,-0.43,38.94,34.06,16.16,19.59,17.77,0.0,0.43,42.27,3.32,0.0,0.43,388.31,-3.65,1.58,-34.55,166.15,-0.87,4.24,-17.03,34.06,16.16,19.59,17.77,-4.69,10.58,0.53,3.32,3.8,-20.8,-119.45,-3.65,1.0,2.0,1.0,3.0,2.0,3.0,0,0.0,0.0
7,9,0.0,-11.52,135.42,0.0,-11.52,95.59,16.39,36.77,6.39,9.11,0.0,11.52,-380.1,34.51,0.0,11.52,-63.46,-24.53,21.36,-31.39,123.98,31.49,51.6,-8.41,16.39,36.77,6.39,9.11,36.42,35.54,-15.3,34.51,-22.71,13.76,-103.49,-24.53,1.0,2.0,1.0,5.0,4.0,5.0,0,1.0,-1.0
7,10,0.0,2.01,-144.56,0.0,2.01,-107.2,24.25,12.31,15.34,5.07,0.0,-2.01,-22.86,-44.14,0.0,-2.01,367.38,45.76,18.19,74.99,42.91,37.1,-40.49,-13.17,24.25,12.31,15.34,5.07,-38.61,-48.36,-31.45,-44.14,34.86,-53.94,-104.18,45.76,1.0,2.0,1.0,6.0,4.0,7.0,0,2.0,-2.0
7,11,0.0,4.7,49.59,0.0,4.7,-38.77,20.74,10.75,15.34,2.51,0.0,-4.7,14.0,1.76,0.0,-4.7,-19.71,-3.56,-4.17,-23.72,30.79,2.94,-0.88,-13.35,20.74,10.75,15.34,2.51,-5.09,-4.28,0.45,1.76,15.3,-0.54,239.81,-3.56,1.0,2.0,1.0,5.0,2.0,4.0,0,1.0,-1.0
7,12,0.0,-5.84,139.11,0.0,-5.84,83.29,19.38,1.97,1.3,2.57,0.0,5.84,-362.33,43.11,0.0,5.84,23.05,-34.88,14.69,-54.86,99.6,45.74,53.77,-2.22,19.38,1.97,1.3,2.57,45.18,35.8,-24.79,43.11,61.59,46.16,207.29,-34.88,2.0,2.0,2.0,5.0,5.0,6.0,0,1.0,-1.0
7,13,0.0,-10.78,-166.92,0.0,-10.78,-96.36,25.63,8.01,14.36,10.17,0.0,10.78,-24.88,-53.35,0.0,10.78,364.15,59.05,-1.26,86.82,144.79,46.45,-33.83,-6.0,25.63,8.01,14.36,10.17,-19.37,-48.19,-19.57,-53.35,42.64,-50.82,-94.63,59.05,1.0,2.0,1.0,6.0,2.0,6.0,0,1.0,-1.0
7,14,0.0,5.18,115.63,0.0,5.18,50.12,53.47,50.04,0.63,0.96,0.0,-5.18,51.68,7.47,0.0,-5.18,386.31,-10.09,8.23,-35.1,132.74,-1.28,4.54,-25.75,53.47,50.04,0.63,0.96,-5.53,11.01,1.59,7.47,-32.33,-9.64,-113.26,-10.09,1.0,2.0,1.0,3.0,2.0,3.0,0,0.0,0.0
7,15,0.0,-12.11,118.98,0.0,-12.11,40.7,4.01,11.24,9.69,0.09,0.0,12.11,17.72,0.41,0.0,12.11,387.93,1.9,-42.44,55.94,175.61,7.44,10.41,13.14,4.01,11.24,9.69,0.09,-10.07,-11.74,-0.2,0.41,16.5,-18.27,-120.01,1.9,1.0,2.0,1.0,4.0,2.0,4.0,0,1.0,-1.0
7,16,0.0,0.0,0.0,0.0,13.2,-115.6,51.96,20.93,18.13,13.35,-11.54,-13.2,38.88,-20.3,-11.43,-13.2,379.45,21.54,0.0,0.0,0.0,29.55,-40.56,7.33,51.96,20.93,18.13,13.35,32.86,-6.63,10.5,-20.3,47.36,-42.53,-107.29,21.54,1.0,2.0,1.0,3.0,4.0,3.0,0,0.0,0.0
7,17,0.0,-7.39,171.35,0.0,-7.39,-75.87,77.08,46.61,20.32,24.36,0.0,7.39,-401.34,-16.09,0.0,7.39,402.36,16.64,-13.33,38.01,-133.11,8.77,-13.07,26.24,77.08,46.61,20.32,24.36,-13.72,17.18,-5.32,-16.09,38.9,-14.41,-112.71,16.64,1.0,2.0,1.0,4.0,2.0,4.0,0,1.0,-1.0
7,18,19.32,2.58,152.36,0.0,2.58,67.99,59.09,43.33,4.31,3.28,52.79,-2.58,-369.15,4.66,44.04,-2.58,365.24,-12.21,-18.18,-39.89,160.37,1.94,10.94,-29.35,59.09,43.33,4.31,3.28,-2.34,18.65,1.23,4.66,-20.99,1.45,-113.74,-12.21,1.0,5.0,3.0,4.0,2.0,4.0,0,1.0,-1.0
7,19,0.0,9.3,151.55,0.0,9.3,95.9,19.19,43.23,4.93,8.91,0.0,-9.3,-381.29,51.17,0.0,-9.3,-69.69,-28.89,-9.8,-43.03,103.12,18.38,42.14,-14.38,19.19,43.23,4.93,8.91,41.4,40.83,-26.35,51.17,-35.39,12.88,-87.38,-28.89,1.0,2.0,1.0,5.0,4.0,5.0,0,1.0,-1.0
7,20,0.0,0.0,0.0,0.0,0.69,-96.21,69.22,24.08,9.56,4.62,0.0,-0.69,-14.61,-33.21,0.0,-0.69,384.75,31.05,0.0,0.0,0.0,23.62,-32.11,2.36,69.22,24.08,9.56,4.62,-30.55,-50.52,-21.32,-33.21,26.75,-38.85,-112.53,31.05,1.0,2.0,1.0,3.0,3.0,3.0,0,0.0,0.0
7,21,0.0,-1.23,170.13,0.0,-1.23,-54.18,3.11,41.18,3.22,18.61,0.0,1.23,-15.36,-15.0,0.0,1.23,373.97,16.54,-21.21,-12.86,-141.67,17.04,-14.77,5.81,3.11,41.18,3.22,18.61,-5.74,-35.73,-3.2,-15.0,24.61,-25.95,-116.84,16.54,1.0,2.0,1.0,4.0,2.0,4.0,0,1.0,-1.0
7,22,0.0,0.0,0.0,0.0,2.22,73.47,51.46,39.58,9.37,2.6,127.2,-2.22,-306.2,7.02,117.86,-2.22,43.89,-11.22,0.0,0.0,0.0,9.97,4.3,2.0,51.46,39.58,9.37,2.6,4.06,23.06,-0.03,7.02,-0.96,-5.46,-117.58,-11.22,1.0,7.0,4.0,2.0,2.0,2.0,1,0.0,1.0
7,23,0.0,2.65,-60.03,0.0,2.65,-29.96,9.21,32.2,13.66,17.61,0.0,-2.65,3.31,-0.2,0.0,-2.65,-2.46,-0.89,11.57,4.27,57.25,11.04,-2.28,4.39,9.21,32.2,13.66,17.61,7.48,-7.84,-0.09,-0.2,-18.6,2.38,-119.74,-0.89,1.0,2.0,1.0,3.0,2.0,3.0,0,0.0,0.0
7,24,0.0,2.76,4.47,0.0,2.76,-21.02,7.98,2.11,12.35,4.24,0.0,-2.76,-0.89,-1.26,0.0,-2.76,-1.49,-4.93,4.11,0.96,-7.06,-0.34,-0.72,-3.9,7.98,2.11,12.35,4.24,-5.11,-3.53,0.32,-1.26,1.64,2.83,-119.61,-4.93,1.0,2.0,1.0,2.0,2.0,2.0,0,0.0,0.0
7,25,0.0,2.25,8.87,0.0,2.25,7.31,1.42,3.38,18.02,5.96,0.0,-2.25,6.94,-0.27,0.0,-2.25,-4.25,-4.24,9.88,-5.23,16.95,1.15,-0.07,-2.68,1.42,3.38,18.02,5.96,1.38,-0.75,0.05,-0.27,4.66,3.46,-119.73,-4.24,1.0,2.0,1.0,2.0,2.0,2.0,0,0.0,0.0
7,26,0.0,1.21,5.64,0.0,1.21,0.44,5.02,9.95,16.2,3.12,0.0,-1.21,-1.51,-2.34,0.0,-1.21,-0.28,-4.85,10.33,-5.74,-2.73,0.63,0.43,-2.01,5.02,9.95,16.2,3.12,5.26,-2.24,-0.09,-2.34,13.8,-0.92,239.92,-4.85,1.0,2.0,1.0,2.0,2.0,2.0,0,0.0,0.0
8,1,0.0,0.1,1.06,0.0,0.1,0.45,0.03,14.09,0.49,0.86,0.0,-0.1,0.27,0.25,0.0,-0.1,0.88,-0.27,-0.01,-0.81,0.24,0.11,0.22,-1.5,0.03,14.09,0.49,0.86,-0.25,0.04,0.03,0.25,0.32,1.31,0.01,-0.27,1.0,2.0,1.0,3.0,2.0,3.0,0,0.0,0.0
8,2,0.0,-1.19,-6.06,0.0,-1.19,-5.78,1.35,4.11,0.44,0.27,0.0,1.19,-5.87,-0.43,0.0,1.19,7.97,-0.02,2.13,1.48,-4.31,0.71,0.72,1.71,1.35,4.11,0.44,0.27,0.45,0.63,-0.05,-0.43,-0.94,1.21,0.02,-0.02,1.0,2.0,1.0,2.0,2.0,2.0,0,0.0,0.0
8,3,0.0,1.1,4.99,0.0,1.1,5.32,1.37,18.19,0.05,1.13,0.0,-1.1,5.6,0.19,0.0,-1.1,-8.85,0.29,-2.12,-0.67,4.07,-0.82,-0.94,-0.21,1.37,18.19,0.05,1.13,-0.2,-0.66,0.02,0.19,0.62,-2.52,-0.02,0.29,1.0,2.0,1.0,3.0,2.0,3.0,0,0.0,0.0
8,4,0.0,0.0,0.0,0.0,-2.91,51.99,16.74,3.56,6.53,14.68,0.0,2.91,-401.04,7.68,0.0,2.91,-35.21,1.65,0.0,0.0,0.0,13.46,8.97,-9.14,16.74,3.56,6.53,14.68,19.04,14.56,-2.18,7.68,-16.12,11.13,2.32,1.65,1.0,2.0,1.0,2.0,2.0,2.0,0,0.0,0.0
8,5,0.0,-19.02,170.7,0.0,-19.02,101.3,29.99,6.75,3.14,10.31,0.0,19.02,-381.26,38.9,0.0,19.02,17.64,-31.24,5.44,-57.39,-177.34,40.75,45.04,26.05,29.99,6.75,3.14,10.31,20.98,40.18,-11.71,38.9,-36.8,43.93,26.28,-31.24,3.0,2.0,3.0,4.0,4.0,4.0,0,1.0,-1.0
8,6,0.0,0.0,0.0,0.0,-37.79,158.71,51.37,16.05,33.32,1.78,0.0,37.79,20.65,-35.5,0.0,37.79,356.61,39.22,0.0,0.0,0.0,38.33,-73.73,82.85,51.37,16.05,33.32,1.78,57.02,48.02,48.44,-35.5,85.35,22.34,40.72,39.22,3.0,2.0,3.0,5.0,5.0,6.0,0,1.0,-1.0
8,7,0.0,6.01,117.29,0.0,6.01,70.87,16.13,19.15,1.57,6.48,0.0,-6.01,-384.91,37.59,0.0,-6.01,388.53,-31.18,9.28,-64.42,-98.43,22.86,27.34,3.44,16.13,19.15,1.57,6.48,20.2,30.02,-11.68,37.59,-3.76,-25.63,9.81,-31.18,1.0,2.0,1.0,4.0,4.0,4.0,0,1.0,-1.0
8,8,0.0,6.59,162.67,0.0,6.59,56.82,37.71,17.42,3.72,23.28,0.0,-6.59,-407.7,17.99,0.0,-6.59,-18.68,-22.61,-9.15,-23.65,135.14,12.74,12.49,5.9,37.71,17.42,3.72,23.28,7.53,8.93,-2.47,17.99,-35.93,10.57,15.48,-22.61,1.0,2.0,1.0,4.0,2.0,4.0,0,1.0,-1.0
8,9,0.0,-3.54,4.7,0.0,-3.54,3.43,65.85,98.15,3.12,7.61,0.0,3.54,-10.46,4.4,0.0,3.54,15.06,6.89,-8.91,-4.06,-2.42,-5.35,2.59,5.45,65.85,98.15,3.12,7.61,-16.2,-12.73,0.66,4.4,8.64,16.44,359.51,6.89,1.0,1.0,1.0,3.0,1.0,2.0,0,0.0,0.0
8,10,0.0,-6.22,170.44,0.0,-6.22,9.85,55.91,45.52,9.78,11.92,0.0,6.22,4.54,0.66,0.0,6.22,18.47,11.48,-25.33,17.15,179.45,-9.63,2.9,14.8,55.91,45.52,9.78,11.92,-19.14,-10.03,-0.86,0.66,-37.86,14.04,358.27,11.48,1.0,2.0,1.0,,2.0,,0,,
8,11,0.0,-43.74,122.93,0.0,-43.74,170.44,0.06,10.25,29.04,16.09,0.0,43.74,-23.95,23.65,0.0,43.74,351.0,-3.16,-29.23,-35.21,-49.16,44.19,-74.55,169.6,0.06,10.25,29.04,16.09,-72.29,90.39,58.22,23.65,-66.33,35.02,24.53,-3.16,3.0,2.0,3.0,6.0,2.0,6.0,0,1.0,-1.0
8,12,0.81,-13.85,142.99,0.0,-13.85,89.95,24.63,4.37,8.76,12.49,-5.31,13.85,-393.35,24.6,5.49,13.85,-19.83,9.66,16.42,-50.11,21.08,22.25,33.29,-11.15,24.63,4.37,8.76,12.49,27.5,30.44,-6.92,24.6,-0.44,36.61,1.53,9.66,1.0,2.0,1.0,3.0,2.0,3.0,0,0.0,0.0
8,13,92.38,-7.98,98.15,0.0,-7.98,81.85,28.91,15.84,14.09,6.68,126.99,7.98,-307.33,-0.9,129.22,7.98,306.76,19.11,-40.37,22.5,-149.24,13.52,-14.59,69.54,28.91,15.84,14.09,6.68,-10.66,8.74,-2.62,-0.9,15.46,-13.81,1.51,19.11,3.0,5.0,4.0,,2.0,,1,,
8,14,0.0,9.9,-157.28,0.0,9.9,-95.53,37.99,1.57,8.69,2.01,0.0,-9.9,-409.81,-20.02,0.0,-9.9,386.87,28.12,-22.91,17.26,-176.41,21.67,-39.75,9.91,37.99,1.57,8.69,2.01,-7.93,6.85,-3.95,-20.02,20.63,-29.64,4.89,28.12,1.0,2.0,1.0,,2.0,,0,,
8,15,0.0,0.0,0.0,0.0,-25.18,148.7,18.66,13.28,8.01,27.12,0.0,25.18,-356.45,59.84,0.0,25.18,10.78,-36.02,0.0,0.0,0.0,72.89,64.44,45.96,18.66,13.28,8.01,27.12,72.74,77.72,-60.09,59.84,-26.41,75.36,29.79,-36.02,2.0,2.0,2.0,3.0,5.0,4.0,0,1.0,-1.0
8,16,0.0,1.22,-144.58,0.0,1.22,45.78,17.22,9.19,4.48,20.33,0.0,-1.22,33.85,21.41,0.0,-1.22,-12.87,-3.53,-42.99,71.6,98.74,28.03,-2.51,24.17,17.22,9.19,4.48,20.33,13.86,3.21,-3.54,21.41,-11.26,12.94,4.27,-3.53,1.0,2.0,1.0,5.0,2.0,4.0,0,1.0,-1.0
8,17,0.0,-33.32,-122.29,0.0,-33.32,160.72,57.33,0.15,36.65,9.16,0.0,33.32,24.22,25.97,0.0,33.32,328.03,-44.9,7.19,-36.36,-39.88,-2.25,-78.49,-178.37,57.33,0.15,36.65,9.16,-4.9,50.46,5.11,25.97,-127.8,73.39,126.89,-44.9,4.0,2.0,4.0,5.0,2.0,4.0,1,1.0,0.0
8,18,0.0,0.0,0.0,0.0,-3.32,63.59,24.8,1.9,8.3,5.63,-78.9,3.32,-10.9,-9.2,77.92,3.32,14.23,1.5,0.0,0.0,0.0,-1.47,-0.82,-12.85,24.8,1.9,8.3,5.63,10.72,5.04,0.03,-9.2,-3.1,2.22,359.45,1.5,1.0,4.0,2.0,2.0,2.0,2.0,0,0.0,0.0
8,19,8.83,-1.46,155.82,0.0,-1.46,63.72,21.17,7.9,23.08,0.46,-19.37,1.46,-384.36,7.03,19.57,1.46,-27.61,-4.73,2.87,-40.43,120.16,1.38,14.17,-32.84,21.17,7.9,23.08,0.46,19.34,14.56,-3.78,7.03,6.73,8.86,359.39,-4.73,1.0,2.0,1.0,3.0,2.0,3.0,0,0.0,0.0
8,20,0.0,0.0,0.0,0.0,-9.93,104.72,13.62,6.18,22.28,2.34,-142.82,9.93,-70.94,-1.72,-122.92,9.93,288.18,0.47,0.0,0.0,0.0,27.73,-43.56,166.48,13.62,6.18,22.28,2.34,20.7,69.23,-2.73,-1.72,-22.25,41.57,2.66,0.47,1.0,2.0,1.0,3.0,2.0,3.0,0,0.0,0.0
8,21,0.0,-60.08,-118.54,0.0,-60.08,164.53,27.41,4.67,52.84,44.11,0.0,60.08,-18.21,24.75,0.0,60.08,327.08,-33.19,-14.17,-21.85,-14.85,87.65,-84.97,90.69,27.41,4.67,52.84,44.11,106.87,67.29,-58.86,24.75,136.7,51.41,285.19,-33.19,4.0,2.0,4.0,7.0,7.0,9.0,1,2.0,-1.0
8,22,66.21,-4.13,-161.45,0.0,-4.13,61.99,23.97,19.94,8.7,8.09,-72.84,4.13,-14.2,-7.43,60.52,4.13,332.36,3.23,-31.16,-31.52,165.66,-1.47,-0.6,2.36,23.97,19.94,8.7,8.09,16.88,-1.8,0.44,-7.43,-35.91,-31.57,357.98,3.23,3.0,4.0,3.0,5.0,2.0,4.0,0,1.0,-1.0
8,23,0.0,0.0,0.0,0.0,34.73,-168.16,28.98,106.75,61.88,59.67,-41.39,-34.73,-332.96,-17.14,41.25,-34.73,-1.52,4.19,0.0,0.0,0.0,-1.9,81.61,-141.32,28.98,106.75,61.88,59.67,93.99,-52.02,13.12,-17.14,56.15,-43.64,5.66,4.19,4.0,4.0,4.0,5.0,7.0,8.0,1,2.0,-1.0
8,24,49.49,-0.85,-117.05,0.0,-0.85,84.86,46.79,4.36,12.88,16.85,-138.44,0.85,-283.76,12.48,-153.13,0.85,71.59,-17.77,-19.83,-21.62,41.89,-3.37,34.94,-83.64,46.79,4.36,12.88,16.85,37.46,-10.49,-15.95,12.48,32.35,-11.18,348.9,-17.77,3.0,4.0,3.0,5.0,4.0,5.0,0,1.0,-1.0
8,25,0.0,-7.8,169.43,0.0,-7.8,-65.43,111.09,19.0,3.84,12.82,0.0,7.8,-338.51,-19.14,0.0,7.8,393.81,32.98,-4.94,41.69,-136.11,-0.17,-21.49,31.01,111.09,19.0,3.84,12.82,-35.57,56.37,-31.09,-19.14,-13.57,-22.32,352.46,32.98,1.0,2.0,1.0,5.0,4.0,5.0,0,1.0,-1.0
8,26,0.0,-41.36,61.8,0.0,-41.36,144.0,104.25,29.15,15.83,28.97,0.0,41.36,-425.82,-56.55,0.0,41.36,363.21,48.25,-17.72,-36.78,-107.63,67.15,-58.78,79.63,104.25,29.15,15.83,28.97,-20.89,22.1,-45.01,-56.55,49.12,36.73,95.39,48.25,3.0,2.0,3.0,7.0,4.0,8.0,0,2.0,-2.0
8,27,0.0,-6.84,-178.57,0.0,-6.84,-4.57,4.21,0.7,11.93,0.51,0.0,6.84,-8.71,1.13,0.0,6.84,18.01,11.15,-1.46,-5.54,168.5,5.32,-1.37,25.64,4.21,0.7,11.93,0.51,9.86,0.32,0.04,1.13,-27.56,-5.51,358.82,11.15,1.0,2.0,1.0,4.0,2.0,4.0,0,1.0,-1.0
8,28,0.0,-5.07,12.97,0.0,-5.07,-23.65,4.13,4.92,4.22,1.24,0.0,5.07,8.45,-3.84,0.0,5.07,-6.68,9.63,15.84,1.16,2.8,-0.21,-2.21,12.06,4.13,4.92,4.22,1.24,8.7,0.94,0.21,-3.84,-13.91,-2.38,358.54,9.63,1.0,2.0,1.0,2.0,2.0,2.0,0,0.0,0.0
8,29,0.0,-5.9,3.49,0.0,-5.9,1.81,3.78,1.66,3.02,3.07,0.0,5.9,3.14,-2.67,0.0,5.9,-0.2,11.06,12.58,4.37,-5.13,-0.98,-1.3,13.89,3.78,1.66,3.02,3.07,7.39,1.19,0.14,-2.67,-17.55,-3.23,358.32,11.06,1.0,2.0,1.0,2.0,2.0,2.0,0,0.0,0.0
8,30,0.0,-9.56,-84.02,0.0,-9.56,-2.47,20.73,20.24,1.99,2.36,0.0,9.56,-6.38,0.48,0.0,9.56,13.33,12.16,0.65,-3.66,88.19,2.76,2.18,23.31,20.73,20.24,1.99,2.36,16.08,5.29,0.37,0.48,-18.07,-3.02,358.75,12.16,1.0,2.0,1.0,3.0,2.0,3.0,0,0.0,0.0
9,1,0.0,0.52,-5.19,0.0,0.52,3.78,3.7,4.32,2.79,2.0,0.0,-0.52,2.95,0.57,0.0,-0.52,-3.96,-0.4,0.23,1.05,1.63,1.56,0.05,-2.08,3.7,4.32,2.79,2.0,-0.72,-1.61,-0.12,0.57,2.85,1.03,-119.81,-0.4,1.0,2.0,1.0,2.0,2.0,2.0,0,0.0,0.0
9,2,0.0,-0.22,-3.57,0.0,-0.22,1.4,1.14,2.81,1.33,0.72,0.0,0.22,1.88,1.09,0.0,0.22,-0.04,-0.56,-3.34,1.32,-0.47,2.05,0.43,1.56,1.14,2.81,1.33,0.72,2.01,2.3,-0.26,1.09,1.68,0.14,-119.7,-0.56,1.0,2.0,1.0,3.0,2.0,3.0,0,0.0,0.0
9,3,0.0,-0.3,8.76,0.0,-0.3,-5.18,4.84,1.51,4.12,1.27,0.0,0.3,-4.84,-1.66,0.0,0.3,4.0,0.95,3.11,-2.37,-1.16,-3.6,-0.48,0.52,4.84,1.51,4.12,1.27,-1.28,-0.69,0.38,-1.66,-4.53,-1.17,239.51,0.95,1.0,2.0,1.0,2.0,2.0,2.0,0,0.0,0.0
9,4,0.0,0.44,6.05,0.0,0.44,-5.26,15.9,0.45,7.2,4.67,0.0,-0.44,-9.96,-0.82,0.0,-0.44,4.66,0.46,0.86,-2.81,0.29,-0.94,-0.63,-2.42,15.9,0.45,7.2,4.67,-11.11,-7.89,0.12,-0.82,-1.1,1.04,239.82,0.46,1.0,2.0,1.0,2.0,2.0,2.0,0,0.0,0.0
9,5,0.0,-1.64,172.45,0.0,-1.64,-66.52,18.41,18.06,3.22,3.62,0.0,1.64,31.27,-15.14,0.0,1.64,384.21,15.37,-37.27,28.65,-69.78,-11.4,-12.28,18.35,18.41,18.06,3.22,3.62,-10.45,-14.11,1.78,-15.14,19.21,-24.68,239.76,15.37,1.0,2.0,1.0,,2.0,,0,,
9,6,0.0,3.22,154.17,0.0,3.22,-50.17,12.66,6.38,1.0,6.87,0.0,-3.22,25.02,-6.83,0.0,-3.22,386.05,6.42,-12.73,-15.42,-136.21,-4.84,-8.0,-18.58,12.66,6.38,1.0,6.87,-21.87,-8.96,-0.49,-6.83,11.57,-8.33,239.03,6.42,2.0,2.0,2.0,5.0,4.0,5.0,0,1.0,-1.0
9,7,23.54,10.44,167.37,0.0,10.44,91.02,11.34,42.43,35.73,46.76,-34.16,-10.44,-363.76,43.07,27.03,-10.44,365.92,-37.58,-29.78,-48.06,-169.56,-8.59,31.2,-27.89,11.34,42.43,35.73,46.76,-0.44,36.67,-10.97,43.07,-12.95,-23.28,-88.81,-37.58,3.0,4.0,3.0,5.0,2.0,4.0,0,1.0,-1.0
9,8,0.0,0.0,0.0,0.0,-6.5,98.59,16.87,25.71,73.96,52.52,148.74,6.5,-69.95,-43.9,151.17,6.5,271.94,57.33,0.0,0.0,0.0,-17.26,-47.51,149.14,16.87,25.71,73.96,52.52,22.64,53.69,93.84,-43.9,71.15,46.76,-21.43,57.33,4.0,7.0,7.0,6.0,4.0,7.0,2,2.0,0.0
9,9,0.0,9.21,174.41,0.0,9.21,40.45,31.94,23.39,1.31,1.84,0.0,-9.21,-380.0,5.52,0.0,-9.21,390.52,-8.29,-25.13,-39.36,-144.67,-2.64,1.08,-25.31,31.94,23.39,1.31,1.84,-8.26,26.34,-1.07,5.52,51.93,-23.69,235.77,-8.29,2.0,2.0,2.0,5.0,2.0,4.0,0,1.0,-1.0
9,10,33.84,13.22,159.72,0.0,13.22,100.9,11.31,25.34,27.36,33.36,-42.73,-13.22,-358.27,48.61,26.85,-13.22,357.64,-64.45,-53.66,-33.07,-160.32,-4.83,41.89,-14.16,11.31,25.34,27.36,33.36,-11.54,43.08,-4.84,48.61,-22.2,-29.49,-57.34,-64.45,3.0,4.0,3.0,6.0,2.0,6.0,0,1.0,-1.0
9,11,124.81,0.15,97.83,0.0,0.15,-93.61,103.82,98.88,24.59,3.73,141.55,-0.15,-70.61,-20.05,-131.04,-0.15,272.62,20.61,-54.35,33.93,175.45,-9.6,-9.95,-88.92,103.82,98.88,24.59,3.73,-32.84,29.79,-7.18,-20.05,13.14,-46.75,237.47,20.61,3.0,7.0,6.0,4.0,4.0,4.0,1,1.0,0.0
9,12,48.27,-12.16,-93.66,0.0,-12.16,121.47,4.98,4.91,1.21,49.72,-103.05,12.16,-53.93,-42.83,-108.14,12.16,293.3,34.28,-19.54,-32.88,-43.62,-10.5,-55.98,111.2,4.98,4.91,1.21,49.72,54.74,60.11,62.18,-42.83,79.21,34.05,-61.73,34.28,3.0,4.0,3.0,6.0,5.0,8.0,0,2.0,-2.0
9,13,0.0,4.8,-81.69,0.0,4.8,-227.99,42.11,121.02,21.01,3.16,0.0,-4.8,-384.32,-4.81,0.0,-4.8,376.03,1.11,-57.47,-18.38,-4.85,-1.77,8.73,155.62,42.11,121.02,21.01,3.16,-38.92,-4.1,-1.66,-4.81,9.5,17.94,239.0,1.11,1.0,2.0,1.0,3.0,2.0,3.0,0,0.0,0.0
9,14,0.0,-13.33,37.88,0.0,-13.33,79.83,0.0,62.72,84.69,60.82,0.0,0.0,0.0,41.22,0.0,13.33,272.12,-68.11,-92.33,32.07,11.5,-64.73,-46.81,-95.05,0.0,62.72,84.69,60.82,0.0,0.0,0.0,41.22,-30.49,-28.49,-71.13,-68.11,4.0,2.0,4.0,7.0,2.0,7.0,1,2.0,-1.0
9,15,0.0,7.34,-120.11,0.0,7.34,-67.13,20.07,129.76,9.97,58.06,0.0,-7.34,-390.58,2.08,0.0,-7.34,278.97,-0.65,-46.49,-3.73,-154.11,-13.34,-2.92,13.09,20.07,129.76,9.97,58.06,-26.17,25.3,0.33,2.08,-83.38,-39.77,-118.28,-0.65,1.0,2.0,1.0,4.0,2.0,4.0,0,1.0,-1.0
9,16,34.75,-1.07,-102.04,0.0,-1.07,-194.29,3.7,19.14,5.05,24.65,-61.34,1.07,10.07,-7.08,-52.98,1.07,349.08,3.9,-20.53,-58.71,25.48,-1.87,-1.5,-175.77,3.7,19.14,5.05,24.65,-19.14,15.99,-0.15,-7.08,-7.26,-1.19,237.41,3.9,3.0,4.0,3.0,5.0,2.0,4.0,0,1.0,-1.0
9,17,0.0,8.52,132.07,0.0,8.52,-64.54,20.51,28.04,12.17,0.07,0.0,-8.52,-17.87,-17.54,0.0,-8.52,361.93,21.1,-46.63,44.64,-66.89,25.67,-24.12,-15.44,20.51,28.04,12.17,0.07,-16.02,-44.77,0.43,-17.54,38.42,-29.62,-114.09,21.1,1.0,2.0,1.0,6.0,2.0,6.0,0,1.0,-1.0
9,18,0.0,0.0,0.0,0.0,5.9,-96.0,3.07,73.38,3.05,10.16,-141.0,-5.9,-278.22,41.13,119.2,-5.9,277.65,-5.6,0.0,0.0,0.0,9.7,10.36,-74.04,3.07,73.38,3.05,10.16,36.33,18.49,-11.97,41.13,-18.49,8.95,-110.62,-5.6,1.0,4.0,2.0,2.0,4.0,3.0,0,0.0,0.0
9,19,63.63,-9.92,141.73,0.0,-9.92,-83.63,33.34,26.91,15.93,8.09,-95.31,9.92,-331.03,-22.21,-91.15,9.92,315.58,33.36,-20.78,34.88,-126.96,-9.35,-3.47,29.02,33.34,26.91,15.93,8.09,-17.34,12.03,-0.16,-22.21,46.71,-26.48,-107.64,33.36,3.0,4.0,3.0,4.0,2.0,4.0,0,1.0,-1.0
9,20,0.0,14.97,151.15,0.0,14.97,-64.66,5.73,22.67,30.87,25.23,0.0,-14.97,-326.13,6.17,0.0,-14.97,-46.22,-3.52,-9.26,-17.34,164.16,6.85,3.51,-53.64,5.73,22.67,30.87,25.23,44.99,58.21,-7.17,6.17,52.07,-23.96,236.85,-3.52,3.0,2.0,3.0,6.0,2.0,6.0,0,1.0,-1.0
9,21,76.48,9.35,104.33,0.0,9.35,-94.85,34.27,13.53,1.74,47.48,103.12,-9.35,-302.9,15.52,113.84,-9.35,47.94,1.43,-29.68,-74.06,11.01,12.93,-3.16,-61.41,34.27,13.53,1.74,47.48,-11.65,40.5,-0.33,15.52,60.2,23.16,237.13,1.43,3.0,5.0,4.0,4.0,2.0,4.0,1,1.0,0.0
9,22,0.0,-8.34,-158.21,0.0,-8.34,-76.27,33.61,28.17,33.21,3.92,0.0,8.34,-402.78,-24.1,0.0,8.34,385.56,25.16,-50.49,18.03,-111.01,-26.77,-7.32,16.13,33.61,28.17,33.21,3.92,-30.7,8.58,-6.13,-24.1,40.54,-19.04,-111.44,25.16,3.0,2.0,3.0,,4.0,,0,,
9,23,0.0,0.0,0.0,0.0,3.5,-101.32,6.33,12.72,2.15,18.61,1.33,-3.5,37.15,-26.84,-1.22,-3.5,389.81,29.0,0.0,0.0,0.0,-0.13,-29.11,-22.14,6.33,12.72,2.15,18.61,-25.57,-24.52,-3.96,-26.84,29.85,-35.81,-115.46,29.0,1.0,2.0,1.0,2.0,4.0,3.0,0,0.0,0.0
9,24,9.36,-6.51,-86.52,0.0,-6.51,99.93,87.19,16.3,62.84,62.3,-127.67,6.51,-63.13,-31.86,-131.14,6.51,276.29,56.45,-44.06,-15.3,41.58,-9.8,-39.22,-157.81,87.19,16.3,62.84,62.3,-47.7,2.53,-60.37,-31.86,-26.5,5.29,151.99,56.45,3.0,3.0,3.0,7.0,3.0,7.0,0,2.0,-2.0
9,25,24.08,8.78,-127.59,0.0,8.78,75.11,50.78,19.17,5.32,4.76,119.67,-8.78,-38.69,24.46,96.55,-8.78,299.64,-23.26,-4.74,-56.1,121.15,-9.21,1.39,-72.48,50.78,19.17,5.32,4.76,-22.05,14.87,2.26,24.46,-14.89,17.67,-106.37,-23.26,3.0,7.0,6.0,5.0,4.0,5.0,1,1.0,0.0
9,26,2.04,23.01,-87.86,0.0,23.01,-196.84,1.92,39.72,52.67,46.76,12.97,-23.01,-333.63,-31.49,4.72,-23.01,370.08,30.86,-52.37,6.67,5.45,-13.56,54.77,-178.68,1.92,39.72,52.67,46.76,62.64,-66.76,58.51,-31.49,44.44,38.06,-77.92,30.86,3.0,2.0,3.0,4.0,5.0,5.0,0,1.0,-1.0
9,27,0.0,-1.61,28.87,0.0,-1.61,-7.35,0.04,7.13,15.66,32.72,0.0,1.61,-6.87,-5.11,0.0,1.61,5.91,4.42,-12.04,-12.84,-15.04,-9.58,-1.74,-6.63,0.04,7.13,15.66,32.72,-18.09,-5.49,-0.02,-5.11,-22.77,0.63,236.78,4.42,2.0,2.0,2.0,4.0,2.0,4.0,0,1.0,-1.0
9,28,0.0,2.62,29.47,0.0,2.62,-24.25,8.04,18.91,1.75,21.98,0.0,-2.62,6.78,-1.72,0.0,-2.62,-15.23,1.82,-14.09,-8.9,13.16,-14.95,-2.83,-7.92,8.04,18.91,1.75,21.98,-30.9,-7.65,-0.32,-1.72,-2.09,-0.01,239.38,1.82,1.0,2.0,1.0,3.0,2.0,3.0,0,0.0,0.0
10,1,0.0,-1.11,-59.65,0.0,-1.11,7.62,0.18,1.53,3.56,1.63,0.0,1.11,-15.62,-1.61,0.0,1.11,15.65,-1.38,8.32,5.49,-25.85,-2.07,0.48,4.72,0.18,1.53,3.56,1.63,2.31,1.17,0.03,-1.61,6.09,-3.56,0.11,-1.38,2.0,2.0,2.0,4.0,2.0,4.0,0,1.0,-1.0
10,2,0.0,2.86,103.77,0.0,2.86,-31.91,7.36,1.16,3.61,0.23,0.0,-2.86,14.15,2.77,0.0,-2.86,-18.07,1.94,-20.67,-16.15,72.52,2.58,-1.27,-12.6,7.36,1.16,3.61,0.23,-6.46,-3.26,-0.13,2.77,-8.73,4.74,-0.07,1.94,1.0,2.0,1.0,5.0,2.0,4.0,0,1.0,-1.0
10,3,0.0,-1.75,-44.12,0.0,-1.75,24.29,7.18,2.69,0.05,1.4,0.0,1.75,1.47,-1.17,0.0,1.75,2.42,-0.56,12.35,10.65,-46.66,-0.51,0.79,7.88,7.18,2.69,0.05,1.4,4.14,2.09,0.1,-1.17,2.64,-1.18,-0.04,-0.56,2.0,2.0,2.0,4.0,2.0,4.0,0,1.0,-1.0
10,4,0.0,-1.6,-60.8,0.0,-1.6,8.19,5.01,1.18,0.65,1.15,0.0,1.6,-15.14,0.15,0.0,1.6,15.77,0.22,10.3,11.4,-44.96,0.64,1.02,7.01,5.01,1.18,0.65,1.15,4.43,1.73,0.09,0.15,6.87,-3.78,0.14,0.22,1.0,2.0,1.0,3.0,2.0,3.0,0,0.0,0.0
10,5,0.0,9.73,108.71,0.0,9.73,-48.47,10.29,2.62,7.6,16.43,0.0,-9.73,25.87,2.78,0.0,-9.73,-34.3,0.56,-31.28,-31.55,159.82,6.29,-5.16,-25.05,10.29,2.62,7.6,16.43,-7.3,0.59,-0.04,2.78,1.35,-1.16,0.27,0.56,2.0,2.0,2.0,5.0,2.0,4.0,0,1.0,-1.0
10,6,169.03,-2.74,-162.4,0.0,-2.74,98.23,36.28,25.14,4.41,29.15,-145.06,2.74,-281.47,-38.63,154.05,2.74,91.8,26.54,-23.57,-8.07,159.67,3.72,39.57,14.01,36.28,25.14,4.41,29.15,34.4,54.71,94.47,-38.63,-24.72,33.6,-94.5,26.54,3.0,4.0,3.0,4.0,4.0,4.0,0,1.0,-1.0
10,7,26.14,-7.04,91.91,0.0,-7.04,-69.26,57.06,48.54,4.75,19.18,49.26,7.04,-368.35,-16.13,56.87,7.04,-1.3,13.59,-24.61,46.67,-135.65,-5.81,-5.47,58.07,57.06,48.54,4.75,19.18,-27.71,0.04,-8.19,-16.13,5.75,-11.26,-2.16,13.59,3.0,5.0,4.0,4.0,4.0,4.0,1,1.0,0.0
10,8,0.0,-20.92,97.73,0.0,-20.92,-67.3,42.34,1.88,34.29,21.92,0.0,20.92,-435.49,-41.85,0.0,20.92,389.8,41.1,-23.87,15.43,-144.03,28.98,-48.17,55.4,42.34,1.88,34.29,21.92,-5.46,-1.4,-4.88,-41.85,68.26,-4.67,-319.59,41.1,5.0,2.0,4.0,,2.0,,1,,
10,9,0.0,0.0,0.0,0.0,-1.03,98.55,16.66,38.67,4.87,23.31,-55.02,1.03,-370.77,8.64,52.84,1.03,-8.79,-18.5,0.0,0.0,0.0,-4.41,23.28,-19.84,16.66,38.67,4.87,23.31,12.12,29.26,-3.75,8.64,9.38,-4.08,-358.29,-18.5,1.0,4.0,2.0,2.0,2.0,2.0,0,0.0,0.0
10,10,0.0,-13.51,95.7,0.0,-13.51,88.12,23.4,92.1,17.28,25.1,0.0,13.51,-398.51,17.03,0.0,13.51,-7.41,-19.62,9.61,-21.62,136.19,-6.24,32.33,-5.44,23.4,92.1,17.28,25.1,-8.59,28.08,2.82,17.03,-45.05,15.53,-343.55,-19.62,1.0,2.0,1.0,3.0,2.0,3.0,0,0.0,0.0
10,11,0.0,-14.35,106.35,0.0,-14.35,-62.98,7.17,13.23,31.75,34.23,0.0,14.35,-22.92,-32.63,0.0,14.35,368.78,46.96,5.41,43.19,-143.74,49.58,-34.91,24.35,7.17,13.23,31.75,34.23,44.57,-38.12,28.14,-32.63,72.6,-34.13,-325.17,46.96,2.0,2.0,2.0,6.0,4.0,7.0,0,2.0,-2.0
10,12,0.0,4.24,101.42,0.0,4.24,-41.75,7.8,17.91,2.58,10.29,0.0,-4.24,34.37,6.25,0.0,-4.24,-25.62,8.4,-43.47,-30.35,142.06,23.99,3.24,-13.8,7.8,17.91,2.58,10.29,28.04,-1.61,1.5,6.25,15.6,-4.04,-359.57,8.4,1.0,2.0,1.0,6.0,2.0,6.0,0,1.0,-1.0
10,13,0.0,-5.03,100.36,0.0,-5.03,91.24,29.21,47.31,58.31,24.31,0.0,5.03,-395.86,24.03,0.0,5.03,-22.36,-13.5,-9.77,-40.43,141.27,3.37,28.57,-8.87,29.21,47.31,58.31,24.31,23.7,31.76,-7.78,24.03,-7.68,18.78,-352.31,-13.5,3.0,2.0,3.0,6.0,4.0,7.0,0,2.0,-2.0
10,14,0.0,-9.93,111.72,0.0,-9.93,-49.7,16.41,25.3,37.22,19.32,0.0,9.93,19.04,-13.61,0.0,9.93,400.54,20.7,-23.06,29.07,-127.24,-7.07,-6.51,48.6,16.41,25.3,37.22,19.32,9.27,-10.11,2.73,-13.61,11.22,-31.28,-0.44,20.7,2.0,2.0,2.0,,2.0,,0,,
10,15,0.0,2.43,82.61,0.0,2.43,-21.19,14.98,4.84,42.34,18.3,0.0,-2.43,4.18,3.67,0.0,-2.43,-12.77,-2.23,-7.12,22.6,-150.41,34.53,-3.1,10.24,14.98,4.84,42.34,18.3,17.09,-4.24,-0.49,3.67,25.64,-3.48,-0.03,-2.23,3.0,2.0,3.0,,2.0,,0,,
10,16,0.0,-1.89,98.24,0.0,-1.89,70.07,13.36,20.56,30.79,37.27,0.0,1.89,-392.35,15.1,0.0,1.89,-7.61,-12.6,2.66,-35.18,57.26,0.5,17.53,-2.96,13.36,20.56,30.79,37.27,19.33,26.9,-4.47,15.1,-21.69,17.95,-351.16,-12.6,3.0,2.0,3.0,5.0,2.0,4.0,0,1.0,-1.0
10,17,0.0,-13.4,112.53,0.0,-13.4,40.87,27.17,50.68,6.8,32.18,0.0,13.4,10.62,-4.07,0.0,13.4,7.79,0.55,-16.92,39.8,99.42,-7.96,11.65,17.29,27.17,50.68,6.8,32.18,-1.46,3.84,-0.15,-4.07,-28.61,-0.09,-2.42,0.55,1.0,2.0,1.0,4.0,2.0,4.0,0,1.0,-1.0
10,18,0.0,0.0,0.0,0.0,-9.38,129.25,19.95,12.14,11.02,1.55,-122.83,9.38,-67.77,-17.94,-98.13,9.38,301.4,34.51,0.0,0.0,0.0,37.37,-40.15,-166.02,19.95,12.14,11.02,1.55,-26.07,36.61,-33.22,-17.94,-52.26,9.47,-43.1,34.51,1.0,4.0,2.0,3.0,4.0,3.0,0,0.0,0.0
10,19,0.0,5.21,83.74,0.0,5.21,63.9,17.28,3.3,8.19,26.34,0.0,-5.21,46.18,10.58,0.0,-5.21,-38.35,-4.98,-43.31,-10.03,161.35,10.8,2.92,4.04,17.28,3.3,8.19,26.34,29.18,7.02,-3.27,10.58,6.81,-3.47,-358.89,-4.98,1.0,2.0,1.0,4.0,2.0,4.0,0,1.0,-1.0
10,20,0.0,-8.21,-35.28,0.0,-8.21,48.72,6.42,85.17,27.08,82.11,0.0,8.21,-356.65,26.01,0.0,8.21,43.47,-9.4,13.68,-8.86,6.24,16.14,26.97,10.72,6.42,85.17,27.08,82.11,40.52,30.34,-11.9,26.01,12.03,36.61,-359.1,-9.4,2.0,2.0,2.0,3.0,4.0,3.0,0,0.0,0.0
10,21,7.07,-14.78,122.93,0.0,-14.78,-76.44,20.65,32.44,23.76,20.99,-21.03,14.78,24.74,-26.59,17.78,14.78,400.06,36.07,-32.4,16.9,-109.67,-19.55,-1.44,63.71,20.65,32.44,23.76,20.99,9.83,7.84,5.76,-26.59,1.35,-42.44,-6.29,36.07,1.0,4.0,2.0,,2.0,,0,,
10,22,0.0,-25.2,77.15,0.0,-25.2,98.6,35.92,6.26,64.66,52.41,0.0,25.2,24.41,-34.73,0.0,25.2,382.6,19.34,-12.69,43.25,-112.55,62.13,-25.57,36.69,35.92,6.26,64.66,52.41,55.69,30.66,27.02,-34.73,72.5,-8.13,-335.2,19.34,5.0,2.0,4.0,9.0,5.0,10.0,1,2.0,-1.0
10,23,0.0,0.42,100.87,0.0,0.42,-20.6,6.15,11.02,0.5,17.87,0.0,-0.42,6.04,5.59,0.0,-0.42,-7.59,3.47,2.36,-24.47,76.18,11.75,3.21,-5.37,6.15,11.02,0.5,17.87,8.42,-7.05,0.05,5.59,0.29,2.2,0.22,3.47,2.0,2.0,2.0,4.0,2.0,4.0,0,1.0,-1.0
10,24,0.0,0.0,0.0,0.0,4.25,100.73,36.17,40.82,134.95,97.3,-98.38,-4.25,-306.92,42.04,-105.47,-4.25,61.02,-20.06,0.0,0.0,0.0,18.11,9.7,64.52,36.17,40.82,134.95,97.3,-26.13,66.7,16.6,42.04,7.27,30.16,-355.96,-20.06,3.0,4.0,3.0,4.0,4.0,4.0,0,1.0,-1.0
10,25,0.0,-19.47,97.27,0.0,-19.47,71.32,77.87,25.14,23.32,21.47,0.0,19.47,42.04,-5.4,0.0,19.47,-32.55,8.75,20.41,-26.89,111.14,-0.93,13.5,-13.76,77.87,25.14,23.32,21.47,-6.11,9.98,-1.0,-5.4,8.89,1.83,-0.43,8.75,4.0,2.0,4.0,6.0,2.0,6.0,1,1.0,0.0
10,26,0.0,0.0,0.0,0.0,-0.77,100.29,0.0,17.51,29.3,5.09,0.0,0.0,0.0,-6.6,-157.24,0.77,282.03,8.89,0.0,0.0,0.0,21.63,-2.92,99.58,0.0,17.51,29.3,5.09,0.0,0.0,0.0,-6.6,19.41,2.59,-358.67,8.89,1.0,2.0,1.0,2.0,2.0,2.0,0,0.0,0.0
10,27,37.25,-33.54,60.57,0.0,-33.54,124.54,36.56,10.46,24.73,26.48,-60.28,33.54,5.0,-68.76,-45.11,33.54,360.23,41.09,-40.07,26.01,-143.51,58.2,-12.7,69.61,36.56,10.46,24.73,26.48,4.97,16.84,8.17,-68.76,59.68,21.28,-280.89,41.09,5.0,4.0,5.0,,2.0,,1,,
10,28,0.0,-6.06,-44.65,0.0,-6.06,-2.75,5.31,13.89,3.75,4.17,0.0,6.06,-16.79,-19.85,0.0,6.06,14.39,14.47,-11.17,-7.34,-38.71,-34.48,-3.56,19.71,5.31,13.89,3.75,4.17,-12.48,-2.17,-4.35,-19.85,-51.28,-16.04,-17.23,14.47,2.0,2.0,2.0,5.0,2.0,4.0,0,1.0,-1.0
10,29,0.0,-4.03,-59.44,0.0,-4.03,9.66,3.74,7.18,4.54,2.2,0.0,4.03,-15.89,-0.02,0.0,4.03,19.63,2.11,16.6,6.95,-32.44,1.15,1.8,16.99,3.74,7.18,4.54,2.2,4.09,1.44,0.14,-0.02,-2.2,-2.96,-0.37,2.11,1.0,2.0,1.0,3.0,2.0,3.0,0,0.0,0.0
10,30,0.0,-3.0,-46.98,0.0,-3.0,20.53,1.43,10.99,4.2,0.53,0.0,3.0,-3.73,2.22,0.0,3.0,7.35,3.79,18.14,5.27,-26.55,1.14,0.9,19.34,1.43,10.99,4.2,0.53,6.46,2.61,0.21,2.22,-7.11,-5.63,-0.47,3.79,1.0,2.0,1.0,3.0,2.0,3.0,0,0.0,0.0
10,31,0.0,-17.88,109.92,0.0,-17.88,43.87,12.22,33.91,0.27,25.56,0.0,17.88,8.86,-9.78,0.0,17.88,11.31,11.97,-26.68,31.5,179.41,-7.51,9.31,30.83,12.22,33.91,0.27,25.56,16.31,2.55,3.33,-9.78,-4.65,16.97,-4.89,11.97,1.0,2.0,1.0,4.0,2.0,4.0,0,1.0,-1.0
11,1,0.0,0.12,2.31,0.0,0.12,-1.93,2.77,0.98,1.35,0.31,0.0,-0.12,2.23,0.25,0.0,-0.12,-1.62,-0.66,-1.33,1.5,-0.48,0.03,0.37,0.15,2.77,0.98,1.35,0.31,-2.19,0.15,0.26,0.25,-0.08,0.63,0.11,-0.66,1.0,2.0,1.0,1.0,2.0,1.0,0,0.0,0.0
11,2,0.0,0.16,5.45,0.0,0.16,-4.23,2.16,1.34,0.07,0.66,0.0,-0.16,2.49,-0.19,0.0,-0.16,-4.18,0.84,0.3,-1.83,-0.58,0.63,-0.66,-0.38,2.16,1.34,0.07,0.66,-1.38,-0.78,-0.05,-0.19,1.43,-0.64,-0.21,0.84,1.0,2.0,1.0,2.0,2.0,2.0,0,0.0,0.0
11,3,0.0,-0.28,-7.77,0.0,-0.28,6.16,4.93,0.36,1.28,0.97,0.0,0.28,-4.72,-0.06,0.0,0.28,5.79,-0.17,1.03,0.33,1.06,-0.66,0.29,0.23,4.93,0.36,1.28,0.97,3.57,0.63,-0.21,-0.06,-1.35,0.01,0.09,-0.17,1.0,2.0,1.0,2.0,2.0,2.0,0,0.0,0.0
11,4,0.0,-0.44,-7.71,0.0,-0.44,2.77,5.22,1.78,0.16,3.45,0.0,0.44,-1.48,-0.56,0.0,0.44,3.82,0.51,0.14,0.05,10.99,-0.47,-0.09,0.71,5.22,1.78,0.16,3.45,6.41,0.6,-0.46,-0.56,0.54,0.79,-0.15,0.51,1.0,2.0,1.0,2.0,2.0,2.0,0,0.0,0.0
11,5,0.0,-5.99,152.42,0.0,-5.99,58.32,5.57,5.57,2.04,5.09,0.0,5.99,45.64,-6.43,0.0,5.99,-51.14,-2.37,-2.33,41.79,-57.66,9.73,1.35,28.65,5.57,5.57,2.04,5.09,12.21,0.58,-0.78,-6.43,15.25,-7.86,359.14,-2.37,1.0,2.0,1.0,4.0,2.0,4.0,0,1.0,-1.0
11,6,0.0,-1.48,-171.43,0.0,-1.48,-47.88,6.25,23.24,5.52,6.3,0.0,1.48,18.34,-16.44,0.0,1.48,386.08,17.61,-22.17,-9.94,-108.52,-8.27,-13.58,14.83,6.25,23.24,5.52,6.3,-9.8,-17.32,-6.13,-16.44,-8.58,-21.39,354.1,17.61,1.0,2.0,1.0,4.0,2.0,4.0,0,1.0,-1.0
11,7,0.58,66.11,89.19,0.0,66.11,-168.58,5.63,0.48,9.18,6.16,-5.95,-66.11,-326.59,-11.92,-7.28,-66.11,12.75,8.8,-21.67,18.06,62.02,72.7,76.73,-94.89,5.63,0.48,9.18,6.16,170.56,-55.42,7.68,-11.92,124.14,-74.4,12.44,8.8,2.0,2.0,2.0,,7.0,,0,,
11,8,26.64,-4.84,132.08,0.0,-4.84,-62.72,5.91,9.5,3.32,0.21,50.7,4.84,11.24,-8.63,-51.83,4.84,356.82,3.55,-0.14,52.0,-85.45,12.93,-9.07,43.63,5.91,9.5,3.32,0.21,11.24,-5.25,-0.87,-8.63,26.05,-19.94,-0.17,3.55,3.0,5.0,4.0,4.0,2.0,4.0,1,1.0,0.0
11,9,0.0,6.03,146.96,0.0,6.03,-38.2,15.58,13.96,10.65,8.05,0.0,-6.03,32.81,-2.15,0.0,-6.03,-38.75,0.63,5.19,-22.02,-146.68,16.68,-4.58,-7.27,15.58,13.96,10.65,8.05,4.78,2.91,-0.5,-2.15,15.09,-9.55,359.11,0.63,1.0,2.0,1.0,3.0,2.0,3.0,0,0.0,0.0
11,10,0.0,24.23,82.42,0.0,24.23,-153.6,17.04,6.6,16.04,3.29,0.0,-24.23,-350.85,24.77,0.0,-24.23,15.13,-43.58,-23.57,-11.1,105.31,-264.88,78.37,-31.72,17.04,6.6,16.04,3.29,99.91,-22.93,-46.61,24.77,114.17,-22.25,320.07,-43.58,3.0,2.0,3.0,4.0,7.0,7.0,0,2.0,-2.0
11,11,26.08,-8.93,129.19,0.0,-8.93,-73.02,51.35,0.95,5.18,2.52,51.19,8.93,-355.0,-19.33,-50.19,8.93,346.06,16.47,-14.56,51.67,-54.98,20.89,-25.6,49.53,51.35,0.95,5.18,2.52,-9.61,20.71,-6.75,-19.33,48.55,-26.42,7.48,16.47,3.0,5.0,4.0,6.0,2.0,6.0,1,1.0,0.0
11,12,0.0,8.13,150.65,0.0,8.13,53.67,34.54,11.44,11.79,8.4,0.0,-8.13,39.52,6.33,0.0,-8.13,-46.38,-12.78,0.34,-31.56,-169.6,2.62,1.95,-23.5,34.54,11.44,11.79,8.4,-2.49,5.1,2.91,6.33,-4.6,2.44,3.32,-12.78,1.0,2.0,1.0,3.0,2.0,3.0,0,0.0,0.0
11,13,9.56,22.22,-110.0,0.0,22.22,-141.15,4.84,39.92,18.7,0.34,-32.08,-22.22,-333.94,25.85,37.15,-22.22,-2.93,-20.49,-22.04,-18.08,79.39,45.32,70.56,-72.12,4.84,39.92,18.7,0.34,94.43,-17.16,-29.71,25.85,74.88,14.33,336.04,-20.49,3.0,4.0,3.0,5.0,7.0,8.0,0,2.0,-2.0
11,14,28.06,-6.08,-111.71,0.0,-6.08,100.51,51.1,4.66,1.34,2.2,-171.34,6.08,-77.36,-8.85,-152.91,6.08,265.99,26.08,-35.48,-1.92,10.48,26.44,-45.77,114.28,51.1,4.66,1.34,2.2,19.3,13.54,0.91,-8.85,61.23,19.48,13.79,26.08,3.0,4.0,3.0,5.0,2.0,4.0,0,1.0,-1.0
11,15,30.44,4.77,-178.63,0.0,4.77,78.89,25.29,11.23,2.61,4.48,-59.53,-4.77,-357.54,13.11,53.42,-4.77,-3.96,-16.67,21.99,-49.77,-176.52,10.09,11.52,-28.87,25.29,11.23,2.61,4.48,22.14,8.24,-4.04,13.11,-1.88,11.32,4.12,-16.67,3.0,4.0,3.0,4.0,4.0,4.0,0,1.0,-1.0
11,16,16.72,14.47,68.39,0.0,14.47,-144.42,10.89,18.29,15.18,0.21,64.77,-14.47,-329.86,31.09,42.17,-14.47,-14.69,-32.27,-15.96,-18.42,84.61,9.82,70.26,-99.66,10.89,18.29,15.18,0.21,79.6,-2.67,-36.1,31.09,56.31,31.7,334.83,-32.27,1.0,5.0,3.0,4.0,5.0,5.0,0,1.0,-1.0
11,17,0.0,0.0,0.0,0.0,-7.42,87.83,29.22,10.76,16.47,2.32,-115.33,7.42,-43.86,-11.24,-113.67,7.42,305.49,9.09,0.0,0.0,0.0,16.92,-7.57,49.92,29.22,10.76,16.47,2.32,37.81,-3.74,2.1,-11.24,31.6,-19.85,1.28,9.09,1.0,4.0,2.0,2.0,4.0,3.0,0,0.0,0.0
11,18,0.0,-7.1,-171.71,0.0,-7.1,-58.31,56.3,37.34,2.41,16.05,0.0,7.1,58.19,-18.31,0.0,7.1,387.4,16.96,-10.17,16.32,-123.4,17.02,-16.57,27.79,56.3,37.34,2.41,16.05,63.42,31.02,11.73,-18.31,37.6,-22.59,4.97,16.96,2.0,2.0,2.0,,5.0,,0,,
11,19,0.0,0.0,0.0,0.0,1.95,126.75,31.95,105.25,8.04,7.25,-69.89,-1.95,-327.56,41.86,57.83,-1.95,348.56,-48.87,0.0,0.0,0.0,30.25,58.76,47.89,31.95,105.25,8.04,7.25,-16.04,59.92,27.9,41.86,-5.08,-34.57,89.23,-48.87,1.0,4.0,2.0,2.0,2.0,2.0,0,0.0,0.0
11,20,0.0,7.45,150.94,0.0,7.45,96.24,19.09,26.75,0.8,3.93,0.0,-7.45,-351.61,72.39,0.0,-7.45,-25.0,-39.59,-9.46,-45.66,93.42,39.92,68.9,-40.94,19.09,26.75,0.8,3.93,83.13,29.12,-52.1,72.39,37.87,45.99,338.96,-39.59,1.0,2.0,1.0,5.0,5.0,6.0,0,1.0,-1.0
11,21,0.0,3.75,152.21,0.0,3.75,-78.26,0.4,6.49,3.03,5.45,0.0,-3.75,3.55,-20.64,0.0,-3.75,376.44,16.77,5.83,52.16,-49.72,40.07,-31.38,14.62,0.4,6.49,3.03,5.45,25.17,-43.41,3.39,-20.64,49.24,-38.41,8.17,16.77,2.0,2.0,2.0,6.0,4.0,7.0,0,2.0,-2.0
11,22,0.0,4.6,167.72,0.0,4.6,-39.36,19.93,28.27,28.68,81.65,0.0,-4.6,33.28,1.13,0.0,-4.6,-25.77,-2.58,17.68,-44.98,-162.02,17.73,5.7,-26.3,19.93,28.27,28.68,81.65,9.76,-4.59,-0.49,1.13,15.25,9.96,358.99,-2.58,1.0,2.0,1.0,3.0,2.0,3.0,0,0.0,0.0
11,23,0.0,0.0,0.0,0.0,2.96,79.38,17.7,13.84,15.05,9.04,0.0,-2.96,-361.08,58.57,0.0,-2.96,30.98,-40.9,0.0,0.0,0.0,60.94,63.87,-17.61,17.7,13.84,15.05,9.04,59.78,21.54,-39.99,58.57,94.08,30.54,302.91,-40.9,1.0,2.0,1.0,3.0,5.0,4.0,0,1.0,-1.0
11,24,0.0,0.0,0.0,0.0,-0.58,94.43,19.91,21.47,18.14,1.95,0.0,0.58,-357.92,45.01,0.0,0.58,48.24,-54.95,0.0,0.0,0.0,54.33,63.31,-12.87,19.91,21.47,18.14,1.95,55.33,33.67,-35.55,45.01,110.61,51.47,279.25,-54.95,1.0,2.0,1.0,3.0,5.0,4.0,0,1.0,-1.0
11,25,0.0,-7.78,147.02,0.0,-7.78,77.12,14.01,11.16,20.25,3.5,0.0,7.78,-381.94,18.48,0.0,7.78,2.2,-16.61,17.36,-24.41,140.82,18.48,35.41,-20.98,14.01,11.16,20.25,3.5,22.86,22.48,-4.46,18.48,28.28,35.95,353.0,-16.61,1.0,2.0,1.0,3.0,4.0,3.0,0,0.0,0.0
11,26,0.0,-0.92,-2.53,0.0,-0.92,20.93,8.83,17.41,13.42,11.42,0.0,0.92,7.6,-3.91,0.0,0.92,-7.69,-3.64,18.92,3.2,-7.72,6.75,1.53,-1.66,8.83,17.41,13.42,11.42,11.15,-2.04,-0.69,-3.91,-7.39,0.88,0.4,-3.64,1.0,2.0,1.0,2.0,2.0,2.0,0,0.0,0.0
11,27,0.0,1.09,-11.79,0.0,1.09,4.79,14.03,5.89,15.14,14.44,0.0,-1.09,-10.41,-1.85,0.0,-1.09,2.81,-1.94,19.99,-3.82,-1.35,7.46,-0.41,0.83,14.03,5.89,15.14,14.44,7.36,-5.34,-0.44,-1.85,0.58,-3.56,-0.03,-1.94,1.0,2.0,1.0,2.0,2.0,2.0,0,0.0,0.0
11,28,0.0,1.71,-9.44,0.0,1.71,4.85,24.03,14.6,17.34,14.52,0.0,-1.71,-8.29,-0.75,0.0,-1.71,2.33,-2.3,6.19,-4.95,6.61,-2.17,-1.23,-0.52,24.03,14.6,17.34,14.52,0.97,-2.54,0.12,-0.75,-2.49,-3.02,0.34,-2.3,1.0,2.0,1.0,2.0,2.0,2.0,0,0.0,0.0
11,29,60.9,-8.6,100.87,0.0,-8.6,86.06,25.59,7.11,5.06,1.76,106.35,8.6,-30.64,-10.63,-107.11,8.6,316.43,11.97,4.88,53.88,-99.16,12.57,-2.65,53.52,25.59,7.11,5.06,1.76,11.01,0.66,-1.01,-10.63,18.99,-10.8,-0.08,11.97,3.0,7.0,6.0,3.0,2.0,3.0,1,0.0,1.0
12,1,0.0,0.47,-22.19,0.0,0.47,8.78,1.8,3.44,4.29,2.01,0.0,-0.47,6.91,1.68,0.0,-0.47,-6.99,-1.66,4.06,-1.21,21.32,0.65,1.22,-1.27,1.8,3.44,4.29,2.01,-0.63,-0.83,-0.14,1.68,-1.02,0.48,0.22,-1.66,1.0,2.0,1.0,2.0,2.0,2.0,0,0.0,0.0
12,2,0.0,0.45,18.63,0.0,0.45,0.35,0.03,1.08,0.18,1.74,0.0,-0.45,1.81,-0.65,0.0,-0.45,-2.92,1.14,1.35,-5.08,-3.8,0.89,-1.42,-0.67,0.03,1.08,0.18,1.74,1.54,0.24,-0.03,-0.65,1.41,-1.06,-0.18,1.14,1.0,2.0,1.0,2.0,2.0,2.0,0,0.0,0.0
12,3,0.0,-0.92,3.56,0.0,-0.92,-9.13,1.83,2.36,4.11,0.27,0.0,0.92,-8.72,-1.03,0.0,0.92,9.91,0.51,-5.41,6.29,-17.53,-1.54,0.2,1.94,1.83,2.36,4.11,0.27,-0.91,0.58,0.17,-1.03,-0.39,0.58,-0.04,0.51,2.0,2.0,2.0,3.0,2.0,3.0,0,0.0,0.0
12,4,0.0,-2.77,11.75,0.0,-2.77,3.34,1.36,2.56,4.02,4.91,0.0,2.77,1.67,-2.5,0.0,2.77,-1.2,-0.51,-3.35,8.97,-16.69,-0.26,1.32,4.54,1.36,2.56,4.02,4.91,0.45,0.38,0.12,-2.5,-2.47,-0.05,0.08,-0.51,1.0,2.0,1.0,3.0,2.0,3.0,0,0.0,0.0
12,5,0.0,-3.74,14.17,0.0,-3.74,3.57,1.09,4.26,7.57,2.54,0.0,3.74,1.99,-3.82,0.0,3.74,-2.42,1.64,-8.16,5.78,-13.63,-2.29,1.01,5.32,1.09,4.26,7.57,2.54,-0.91,-0.47,0.39,-3.82,-4.1,-0.73,-0.03,1.64,1.0,2.0,1.0,3.0,2.0,3.0,0,0.0,0.0
12,6,25.97,5.68,-174.42,0.0,5.68,-82.0,21.77,6.29,1.12,1.51,-58.1,-5.68,-370.2,5.44,52.68,-5.68,366.54,-3.1,-27.19,-31.76,168.32,3.22,-0.82,-34.33,21.77,6.29,1.12,1.51,-5.33,9.1,0.39,5.44,-13.35,-5.66,2.89,-3.1,3.0,2.0,3.0,4.0,2.0,4.0,0,1.0,-1.0
12,7,0.0,0.0,0.0,0.0,14.12,-154.43,10.44,12.97,3.39,6.98,82.78,-14.12,-315.41,-24.08,77.24,-14.12,41.38,13.03,0.0,0.0,0.0,-4.05,62.94,-145.72,10.44,12.97,3.39,6.98,71.5,-27.74,17.24,-24.08,78.86,-33.84,14.41,13.03,1.0,5.0,3.0,2.0,5.0,4.0,0,1.0,-1.0
12,8,0.0,0.0,0.0,0.0,-0.52,-105.83,4.26,9.56,5.88,6.22,167.98,0.52,-273.83,-21.18,156.65,0.52,85.01,3.19,0.0,0.0,0.0,-4.16,62.4,147.36,4.26,9.56,5.88,6.22,-70.03,-59.76,10.02,-21.18,-13.43,-77.54,2.99,3.19,1.0,7.0,4.0,2.0,4.0,3.0,1,0.0,1.0
12,9,0.0,0.0,0.0,0.0,-0.09,138.02,18.9,20.27,2.99,7.36,-60.22,0.09,-329.15,35.4,57.31,0.09,47.74,-63.5,0.0,0.0,0.0,20.96,69.83,92.92,18.9,20.27,2.99,7.36,-86.62,11.85,52.6,35.4,-97.26,-39.09,51.99,-63.5,1.0,4.0,2.0,2.0,4.0,3.0,0,0.0,0.0
12,10,7.11,4.62,145.34,0.0,4.62,56.65,41.34,63.45,9.45,3.62,-8.94,-4.62,-393.21,11.5,7.27,-4.62,-19.17,-9.71,14.81,-7.76,158.41,4.0,9.66,-29.44,41.34,63.45,9.45,3.62,4.86,23.71,-2.59,11.5,-24.08,28.77,7.96,-9.71,1.0,2.0,1.0,3.0,2.0,3.0,0,0.0,0.0
12,11,0.0,0.0,0.0,0.0,-0.67,-80.35,84.86,65.18,3.99,5.13,43.9,0.67,-6.12,0.51,-42.66,0.67,371.98,7.3,0.0,0.0,0.0,8.55,-11.96,29.99,84.86,65.18,3.99,5.13,-2.05,-27.13,0.43,0.51,26.21,-2.25,358.81,7.3,1.0,2.0,1.0,2.0,1.0,1.0,0,0.0,0.0
12,12,0.0,0.0,0.0,0.0,-39.36,151.14,48.08,20.33,32.77,10.04,0.0,39.36,21.07,-8.61,0.0,39.36,351.55,15.09,0.0,0.0,0.0,85.56,-81.73,31.87,48.08,20.33,32.77,10.04,56.89,11.48,6.58,-8.61,104.04,39.89,9.45,15.09,3.0,2.0,3.0,6.0,5.0,8.0,0,2.0,-2.0
12,13,0.0,0.12,139.25,0.0,0.12,38.82,18.32,4.23,8.86,1.07,0.0,-0.12,37.11,0.83,0.0,-0.12,401.59,-4.31,-41.75,-1.14,172.32,0.1,3.02,-7.1,18.32,4.23,8.86,1.07,-5.09,0.27,0.41,0.83,10.73,-12.64,358.59,-4.31,1.0,2.0,1.0,4.0,2.0,4.0,0,1.0,-1.0
12,14,0.0,0.0,0.0,0.0,2.37,-129.89,13.81,1.2,0.75,4.06,135.03,-2.37,-295.14,23.85,135.09,-2.37,67.43,-16.51,0.0,0.0,0.0,-8.89,15.35,-122.91,13.81,1.2,0.75,4.06,19.25,10.12,-10.86,23.85,44.96,-15.21,341.68,-16.51,1.0,7.0,4.0,2.0,2.0,2.0,1,0.0,1.0
12,15,0.0,0.0,0.0,0.0,2.04,-112.32,33.06,3.01,20.26,27.9,129.7,-2.04,-292.28,11.99,124.4,-2.04,71.36,-22.51,0.0,0.0,0.0,6.28,18.87,-95.87,33.06,3.01,20.26,27.9,21.37,31.46,-8.56,11.99,54.8,16.85,343.85,-22.51,2.0,7.0,5.0,3.0,4.0,3.0,1,0.0,1.0
12,16,0.0,7.78,160.51,0.0,7.78,83.85,21.69,0.0,90.33,81.55,0.0,-7.78,-379.1,44.1,0.0,0.0,0.0,-8.49,-51.32,-39.8,-166.75,20.09,37.7,-24.66,21.69,0.0,90.33,81.55,43.17,30.24,-32.48,44.1,0.0,0.0,0.0,-8.49,4.0,2.0,4.0,8.0,4.0,9.0,1,2.0,-1.0
12,17,0.0,-7.08,54.9,0.0,-7.08,-66.16,43.6,27.05,5.6,17.1,0.0,7.08,-409.89,-10.0,0.0,7.08,383.84,14.57,9.28,7.24,-45.72,-12.08,1.18,27.93,43.6,27.05,5.6,17.1,-10.94,7.35,0.12,-10.0,33.24,-17.88,2.98,14.57,1.0,2.0,1.0,3.0,2.0,3.0,0,0.0,0.0
12,18,0.0,0.0,0.0,0.0,-2.43,94.67,3.66,27.15,29.14,35.55,129.08,2.43,-69.84,21.42,-111.63,2.43,284.48,-16.78,0.0,0.0,0.0,12.87,-42.81,88.99,3.66,27.15,29.14,35.55,48.7,-4.32,-22.23,21.42,88.65,25.67,330.22,-16.78,2.0,7.0,5.0,4.0,5.0,5.0,1,1.0,0.0
12,19,64.89,0.19,96.65,0.0,0.19,80.81,10.35,31.47,36.39,29.36,136.27,-0.19,-72.54,52.56,-127.63,-0.19,285.86,-22.94,-3.22,35.2,-90.45,18.71,-53.92,65.44,10.35,31.47,36.39,29.36,41.97,-22.29,-48.19,52.56,66.64,0.56,323.21,-22.94,5.0,7.0,8.0,7.0,4.0,8.0,2,2.0,0.0
12,20,0.79,4.71,177.73,0.0,4.71,58.44,14.46,7.43,2.46,8.65,-68.06,-4.71,0.8,-4.37,56.81,-4.71,1.52,-8.13,-34.26,-19.85,146.93,0.43,-1.73,-15.86,14.46,7.43,2.46,8.65,-5.72,6.99,0.45,-4.37,-25.72,0.82,5.59,-8.13,1.0,4.0,2.0,4.0,2.0,4.0,0,1.0,-1.0
12,21,0.0,0.0,0.0,0.0,-4.31,-163.87,18.67,52.32,1.22,35.38,0.0,4.31,-336.76,65.47,0.0,4.31,46.01,-55.74,0.0,0.0,0.0,-216.94,81.36,-44.48,18.67,52.32,1.22,35.38,85.21,-79.82,-87.43,65.47,117.72,-58.14,290.11,-55.74,1.0,2.0,1.0,2.0,5.0,4.0,0,1.0,-1.0
12,22,0.0,-2.28,153.32,0.0,-2.28,22.06,36.52,48.75,37.63,11.03,0.0,2.28,22.04,0.99,0.0,2.28,-25.55,-6.94,-0.23,6.33,-148.95,-23.25,7.91,-3.78,36.52,48.75,37.63,11.03,-1.31,6.07,-0.27,0.99,24.21,-6.86,356.21,-6.94,2.0,2.0,2.0,5.0,2.0,4.0,0,1.0,-1.0
12,23,25.09,-5.99,-90.99,0.0,-5.99,96.39,47.51,46.83,5.49,10.27,-144.28,5.99,-75.73,7.08,-135.42,5.99,285.31,-9.4,-29.07,4.05,-35.49,16.64,-32.56,134.51,47.51,46.83,5.49,10.27,36.13,55.9,-11.62,7.08,25.4,39.5,353.04,-9.4,3.0,4.0,3.0,6.0,4.0,7.0,0,2.0,-2.0
12,24,0.0,0.0,0.0,0.0,6.32,-93.83,19.62,38.05,8.01,3.44,122.79,-6.32,-48.27,24.93,98.34,-6.32,53.5,-13.99,0.0,0.0,0.0,1.2,-3.16,-46.47,19.62,38.05,8.01,3.44,-13.94,7.82,4.41,24.93,-13.76,31.85,7.84,-13.99,1.0,7.0,4.0,2.0,2.0,2.0,1,0.0,1.0
12,25,0.0,0.0,0.0,0.0,37.42,-185.16,6.73,13.61,23.13,14.96,0.0,-37.42,-341.16,-66.67,0.0,-37.42,17.54,45.13,0.0,0.0,0.0,51.86,85.76,-123.48,6.73,13.61,23.13,14.96,133.17,-66.66,128.33,-66.67,107.82,-60.23,68.13,45.13,2.0,2.0,2.0,4.0,7.0,7.0,0,2.0,-2.0
12,26,0.0,-5.75,159.68,0.0,-5.75,-38.62,9.09,49.2,7.39,6.77,0.0,5.75,13.65,-15.86,0.0,5.75,2.64,7.55,-41.96,32.89,-152.33,-22.62,2.1,16.2,9.09,49.2,7.39,6.77,-24.07,-9.09,-1.52,-15.86,-48.07,-5.18,353.99,7.55,1.0,2.0,1.0,4.0,4.0,4.0,0,1.0,-1.0
12,27,0.0,-5.65,176.93,0.0,-5.65,-96.52,1.89,28.45,9.32,16.7,0.0,5.65,22.12,-23.17,0.0,5.65,375.13,26.87,10.23,39.43,-112.56,54.84,-55.26,16.31,1.89,28.45,9.32,16.7,35.92,-14.34,13.98,-23.17,73.5,-4.62,18.61,26.87,1.0,2.0,1.0,5.0,4.0,5.0,0,1.0,-1.0
12,28,10.31,7.01,-164.68,0.0,7.01,-84.53,21.75,77.92,0.66,4.23,73.98,-7.01,-8.86,2.06,51.59,-7.01,11.42,-11.8,-6.38,-35.98,139.46,-1.97,-2.93,-17.32,21.75,77.92,0.66,4.23,-14.26,3.11,2.94,2.06,-54.27,6.0,13.52,-11.8,1.0,5.0,3.0,4.0,2.0,4.0,0,1.0,-1.0
12,29,0.0,-1.43,143.52,0.0,-1.43,104.46,26.96,22.49,3.1,7.72,0.0,1.43,-375.89,46.03,0.0,1.43,4.77,-32.64,17.78,-25.68,107.07,20.35,57.64,-42.62,26.96,22.49,3.1,7.72,43.43,34.32,-31.88,46.03,58.2,49.23,321.04,-32.64,1.0,2.0,1.0,4.0,4.0,4.0,0,1.0,-1.0
12,30,40.46,-7.86,109.65,0.0,-7.86,74.85,80.17,31.41,1.42,5.36,115.19,7.86,-304.82,-14.63,-126.75,7.86,304.39,19.76,-16.06,42.64,-86.68,11.5,-15.55,58.66,80.17,31.41,1.42,5.36,-35.84,3.03,-5.07,-14.63,25.65,-15.37,4.0,19.76,3.0,6.0,5.0,4.0,3.0,4.0,1,1.0,0.0
12,31,0.0,-3.14,163.43,0.0,-3.14,49.39,10.72,39.71,8.01,13.0,0.0,3.14,-415.38,-1.05,0.0,3.14,387.92,-1.05,14.18,-32.64,-171.58,1.79,3.04,-0.63,10.72,39.71,8.01,13.0,-0.53,9.15,0.05,-1.05,8.08,-35.98,359.13,-1.05,1.0,2.0,1.0,3.0,2.0,3.0,0,0.0,0.0
12,32,0.0,0.0,0.0,0.0,12.67,-123.95,17.14,5.57,57.89,73.29,-134.75,-12.67,-286.17,12.92,125.13,-12.67,76.47,3.86,0.0,0.0,0.0,-2.44,79.44,-162.05,17.14,5.57,57.89,73.29,128.09,-54.33,-12.79,12.92,138.51,-50.35,350.29,3.86,2.0,2.0,2.0,3.0,5.0,4.0,0,1.0,-1.0
12,33,0.0,-14.01,-175.96,0.0,-14.01,18.99,20.32,51.56,0.24,2.74,0.0,14.01,16.58,-21.92,0.0,14.01,-6.46,4.33,-22.17,22.73,-164.25,-21.15,7.55,14.3,20.32,51.56,0.24,2.74,-15.93,-8.65,-0.92,-21.92,-36.58,-2.81,353.24,4.33,2.0,2.0,2.0,,2.0,,0,,
12,34,0.0,5.25,179.72,0.0,5.25,-47.19,2.45,40.27,8.11,9.44,0.0,-5.25,-3.76,-2.93,0.0,-5.25,-8.57,6.44,17.09,29.48,-160.86,16.38,-16.63,9.86,2.45,40.27,8.11,9.44,12.24,-17.15,0.39,-2.93,19.26,17.34,359.42,6.44,1.0,2.0,1.0,4.0,2.0,4.0,0,1.0,-1.0
12,35,0.0,-1.73,12.04,0.0,-1.73,2.77,7.25,5.4,5.26,20.9,0.0,1.73,0.86,-1.34,0.0,1.73,-0.35,2.52,9.77,6.01,-8.27,4.0,-1.35,4.79,7.25,5.4,5.26,20.9,-1.16,-1.99,0.3,-1.34,-19.35,-2.73,0.99,2.52,1.0,2.0,1.0,2.0,2.0,2.0,0,0.0,0.0
12,36,0.0,0.0,24.85,0.0,0.0,8.57,1.92,3.76,1.34,6.62,0.0,-0.0,7.38,1.0,0.0,-0.0,-7.46,1.3,2.33,-3.98,-4.39,2.0,-0.48,1.08,1.92,3.76,1.34,6.62,-7.17,-2.13,0.69,1.0,-8.74,-0.35,0.79,1.3,1.0,2.0,1.0,2.0,2.0,2.0,0,0.0,0.0
12,37,0.0,0.46,19.76,0.0,0.46,8.42,0.52,1.94,3.49,6.01,0.0,-0.46,6.76,2.28,0.0,-0.46,-7.25,0.67,-2.93,-4.8,4.01,1.49,0.11,0.78,0.52,1.94,3.49,6.01,-9.13,-2.31,0.93,2.28,-9.04,-0.75,1.02,0.67,1.0,2.0,1.0,3.0,2.0,3.0,0,0.0,0.0
13,1,0.0,0.23,3.97,0.0,0.23,-0.87,0.57,1.32,2.67,1.77,0.0,-0.23,0.64,-0.49,0.0,-0.23,0.05,-0.69,-0.52,-0.78,-6.45,0.48,-0.17,-0.71,0.57,1.32,2.67,1.77,-0.02,-0.07,-0.01,-0.49,-0.1,0.79,-0.04,-0.69,1.0,2.0,1.0,3.0,2.0,3.0,0,0.0,0.0
13,2,0.0,1.66,9.39,0.0,1.66,-8.45,3.13,0.68,2.21,1.6,0.0,-1.66,6.57,1.49,0.0,-1.66,-8.03,-0.91,-1.9,-7.35,13.06,-1.1,-0.42,1.13,3.13,0.68,2.21,1.6,-0.86,-1.46,-0.01,1.49,-2.71,-0.17,0.16,-0.91,1.0,2.0,1.0,3.0,2.0,3.0,0,0.0,0.0
13,3,0.0,-1.89,-13.37,0.0,-1.89,9.32,2.56,2.0,0.45,3.37,0.0,1.89,-7.2,-1.0,0.0,1.89,7.97,1.61,2.42,8.13,-6.61,0.62,0.59,-0.42,2.56,2.0,0.45,3.37,0.88,1.53,0.03,-1.0,2.81,-0.62,-0.13,1.61,1.0,2.0,1.0,2.0,2.0,2.0,0,0.0,0.0
13,4,0.0,-2.55,7.97,0.0,-2.55,-5.29,1.47,1.54,3.87,5.23,0.0,2.55,3.88,0.59,0.0,2.55,-7.4,4.3,-2.35,6.92,-21.66,-1.3,0.79,1.01,1.47,1.54,3.87,5.23,-0.47,-2.17,0.04,0.59,2.27,-1.22,359.87,4.3,1.0,2.0,1.0,3.0,2.0,3.0,0,0.0,0.0
13,5,0.0,-3.03,-15.19,0.0,-3.03,9.98,0.33,1.36,3.06,6.58,0.0,3.03,-10.49,-0.77,0.0,3.03,6.97,2.99,1.74,13.43,-16.54,-1.3,1.25,1.77,0.33,1.36,3.06,6.58,0.7,-1.67,0.05,-0.77,2.94,-1.61,359.87,2.99,1.0,2.0,1.0,2.0,2.0,2.0,0,0.0,0.0
13,6,0.0,0.0,0.0,0.0,-7.91,-62.61,2.23,6.81,5.82,4.61,66.81,7.91,-11.91,-13.11,-70.74,7.91,351.2,12.73,0.0,0.0,0.0,-3.69,-1.26,38.4,2.23,6.81,5.82,4.61,-5.8,-11.86,-0.79,-13.11,7.9,-11.6,0.83,12.73,1.0,5.0,3.0,2.0,2.0,2.0,0,0.0,0.0
13,7,0.0,0.0,0.0,0.0,-4.95,-80.98,59.3,29.37,18.14,7.9,-105.81,4.95,-44.88,-25.31,-104.19,4.95,300.52,34.97,0.0,0.0,0.0,11.32,-37.29,43.78,59.3,29.37,18.14,7.9,25.15,1.29,12.91,-25.31,58.23,-34.71,22.14,34.97,2.0,4.0,3.0,4.0,4.0,4.0,0,1.0,-1.0
13,8,11.37,-4.74,-165.19,0.0,-4.74,-58.94,72.69,60.0,20.14,8.34,14.67,4.74,21.38,-11.84,-13.77,4.74,390.45,14.94,11.26,25.22,-178.03,1.21,-10.41,21.3,72.69,60.0,20.14,8.34,4.08,-15.61,1.29,-11.84,19.99,-16.85,3.31,14.94,1.0,2.0,1.0,4.0,2.0,4.0,0,1.0,-1.0
13,9,0.0,0.0,0.0,0.0,14.82,-126.99,31.84,35.91,14.13,29.04,75.19,-14.82,-323.14,-22.3,68.65,-14.82,36.17,18.99,0.0,0.0,0.0,-26.56,60.71,121.98,31.84,35.91,14.13,29.04,-36.76,-52.35,-14.63,-22.3,-24.03,-86.68,344.79,18.99,1.0,5.0,3.0,2.0,4.0,3.0,0,0.0,0.0
13,10,0.0,-1.4,179.48,0.0,-1.4,48.82,1.11,3.02,9.42,4.63,0.0,1.4,27.85,2.71,0.0,1.4,-31.06,-2.8,18.57,33.09,168.9,4.2,3.81,2.87,1.11,3.02,9.42,4.63,-0.27,0.76,-0.09,2.71,0.12,-4.06,0.12,-2.8,1.0,2.0,1.0,3.0,2.0,3.0,0,0.0,0.0
13,11,0.0,0.0,0.0,0.0,-3.68,102.41,42.24,30.16,13.03,13.54,-148.26,3.68,-88.45,-14.59,-143.77,3.68,267.53,-22.72,0.0,0.0,0.0,27.38,-56.51,93.07,42.24,30.16,13.03,13.54,40.1,35.87,4.51,-14.59,63.05,21.18,6.0,-22.72,1.0,4.0,2.0,3.0,4.0,3.0,0,0.0,0.0
13,12,24.64,4.57,-174.84,0.0,4.57,79.0,75.42,64.27,1.28,15.04,55.23,-4.57,1.0,11.83,54.22,-4.57,352.14,-9.33,11.24,-38.39,127.83,0.24,4.69,-32.19,75.42,64.27,1.28,15.04,-11.78,-0.45,2.27,11.83,-13.0,-26.18,3.68,-9.33,3.0,4.0,3.0,3.0,2.0,3.0,0,0.0,0.0
13,13,0.0,29.07,-108.63,0.0,29.07,-152.95,21.52,6.57,13.6,6.19,0.0,-29.07,-385.03,68.05,0.0,-29.07,-27.1,-45.5,-27.42,-17.64,23.04,28.56,66.72,-84.46,21.52,6.57,13.6,6.19,52.45,-11.12,-60.47,68.05,60.1,-0.81,312.83,-45.5,3.0,2.0,3.0,4.0,5.0,5.0,0,1.0,-1.0
13,14,0.0,0.0,0.0,0.0,-3.85,-94.53,29.9,12.35,15.48,6.86,152.12,3.85,-284.52,-9.98,-154.09,3.85,279.05,16.69,0.0,0.0,0.0,-3.41,-0.32,103.35,29.9,12.35,15.48,6.86,-23.34,-8.7,-4.96,-9.98,3.38,-5.53,359.86,16.69,1.0,7.0,4.0,2.0,4.0,3.0,1,0.0,1.0
13,15,0.0,0.0,0.0,0.0,-46.38,182.14,0.0,16.87,0.45,26.92,0.0,0.0,0.0,-33.09,0.0,46.38,358.71,19.2,0.0,0.0,0.0,25.49,-74.83,104.51,0.0,16.87,0.45,26.92,0.0,0.0,0.0,-33.09,68.4,32.25,45.88,19.2,2.0,2.0,2.0,3.0,2.0,3.0,0,0.0,0.0
13,16,0.0,0.78,169.14,0.0,0.78,-23.69,5.99,7.2,24.9,13.3,0.0,-0.78,8.52,-5.68,0.0,-0.78,-29.27,3.92,-7.26,-18.46,159.04,-18.97,-5.85,-1.6,5.99,7.2,24.9,13.3,-20.3,-8.94,-1.09,-5.68,-22.38,-9.88,358.35,3.92,1.0,2.0,1.0,4.0,4.0,4.0,0,1.0,-1.0
13,17,0.0,0.0,0.0,0.0,22.28,-115.15,25.38,61.8,26.22,39.87,-91.49,-22.28,-309.95,35.66,-94.77,-22.28,40.17,-33.33,0.0,0.0,0.0,30.98,71.06,-136.67,25.38,61.8,26.22,39.87,12.39,-61.56,-148.31,35.66,11.73,-64.53,303.55,-33.33,2.0,4.0,3.0,4.0,2.0,4.0,0,1.0,-1.0
13,18,20.78,6.18,143.75,0.0,6.18,99.81,9.83,56.99,7.68,8.59,-28.05,-6.18,-384.03,38.63,23.71,-6.18,14.62,-29.22,4.26,-14.51,140.07,10.44,28.6,-12.73,9.83,56.99,7.68,8.59,13.91,23.75,-9.53,38.63,-41.17,45.6,27.96,-29.22,3.0,4.0,3.0,4.0,2.0,4.0,0,1.0,-1.0
13,19,0.0,0.0,0.0,0.0,-4.03,-77.96,36.44,9.39,7.03,3.53,161.79,4.03,-280.53,-21.5,-162.13,4.03,274.0,25.45,0.0,0.0,0.0,-2.36,-0.18,68.43,36.44,9.39,7.03,3.53,-26.39,9.39,-9.74,-21.5,11.68,-11.03,3.29,25.45,1.0,7.0,4.0,2.0,4.0,3.0,1,0.0,1.0
13,20,0.0,0.0,0.0,0.0,-7.26,-80.73,0.0,64.08,1.8,12.88,0.0,0.0,0.0,-28.06,-76.04,7.26,332.3,33.97,0.0,0.0,0.0,9.81,-37.1,47.6,0.0,64.08,1.8,12.88,0.0,0.0,0.0,-28.06,33.71,-5.55,17.16,33.97,1.0,2.0,1.0,2.0,2.0,2.0,0,0.0,0.0
13,21,0.0,-3.36,-168.1,0.0,-3.36,5.93,17.19,57.4,19.3,0.61,0.0,3.36,-350.84,-8.3,0.0,3.36,-3.08,4.0,-2.39,-12.06,135.51,-17.72,-2.68,-0.47,17.19,57.4,19.3,0.61,18.99,15.56,1.85,-8.3,3.18,-11.75,359.85,4.0,2.0,2.0,2.0,5.0,2.0,4.0,0,1.0,-1.0
13,22,0.0,0.0,0.0,0.0,1.01,-89.43,49.63,0.0,8.27,11.24,163.38,-1.01,-281.57,44.02,0.0,0.0,0.0,-36.02,0.0,0.0,0.0,0.07,15.14,-126.1,49.63,0.0,8.27,11.24,12.5,1.62,-13.34,44.02,0.0,0.0,0.0,-36.02,1.0,7.0,4.0,1.0,2.0,1.0,1,0.0,1.0
13,23,0.0,0.0,0.0,0.0,26.45,-144.26,17.85,0.0,133.84,115.54,-63.5,-26.45,-317.86,-13.88,0.0,0.0,0.0,-2.48,0.0,0.0,0.0,-0.21,62.26,-151.33,17.85,0.0,133.84,115.54,92.6,-65.38,14.72,-13.88,0.0,0.0,0.0,-2.48,3.0,4.0,3.0,4.0,7.0,7.0,0,2.0,-2.0
13,24,0.0,-5.11,146.77,0.0,-5.11,41.03,3.26,14.76,1.34,0.15,0.0,5.11,20.45,-1.38,0.0,5.11,-23.68,2.83,2.4,56.9,-158.11,-1.98,3.21,15.37,3.26,14.76,1.34,0.15,-4.83,-1.17,-0.0,-1.38,10.07,-0.81,-0.05,2.83,1.0,2.0,1.0,3.0,2.0,3.0,0,0.0,0.0
13,25,41.82,-7.11,126.19,0.0,-7.11,-66.26,41.51,12.06,13.99,12.97,85.87,7.11,-337.67,-11.52,-92.43,7.11,330.92,17.69,-2.45,47.37,-137.7,-3.67,-1.63,38.92,41.51,12.06,13.99,12.97,-19.8,-0.86,-3.97,-11.52,10.69,-12.94,1.56,17.69,3.0,5.0,4.0,4.0,2.0,4.0,1,1.0,0.0
13,26,0.0,0.0,0.0,0.0,-17.2,144.68,0.0,28.7,46.77,87.09,0.0,0.0,0.0,-17.37,-56.76,17.2,324.28,20.83,0.0,0.0,0.0,23.08,-68.13,82.56,0.0,28.7,46.77,87.09,0.0,0.0,0.0,-17.37,74.63,16.33,20.43,20.83,2.0,2.0,2.0,5.0,2.0,4.0,0,1.0,-1.0
13,27,0.0,0.0,0.0,0.0,-7.09,113.63,0.0,47.18,57.4,81.44,88.12,7.09,-87.06,-21.33,-123.83,7.09,279.6,16.17,0.0,0.0,0.0,9.18,-53.89,99.31,0.0,47.18,57.4,81.44,89.04,-55.84,36.71,-21.33,62.05,28.98,25.47,16.17,2.0,5.0,4.0,4.0,5.0,5.0,1,1.0,0.0
13,28,0.0,5.57,-147.88,0.0,5.57,-50.03,38.79,0.65,31.76,10.8,0.0,-5.57,-392.61,8.17,0.0,-5.57,378.59,-3.6,-21.37,-19.87,123.52,-3.5,-1.2,-41.6,38.79,0.65,31.76,10.8,-2.63,42.79,0.14,8.17,-36.91,-22.91,4.8,-3.6,2.0,2.0,2.0,5.0,2.0,4.0,0,1.0,-1.0
13,29,0.0,0.0,0.0,0.0,-2.9,102.33,18.89,92.9,41.21,33.29,-126.65,2.9,-289.63,29.69,-105.0,2.9,282.89,-24.08,0.0,0.0,0.0,12.38,29.76,44.65,18.89,92.9,41.21,33.29,-21.06,60.02,10.02,29.69,52.12,-30.94,334.56,-24.08,2.0,4.0,3.0,3.0,4.0,3.0,0,0.0,0.0
13,30,0.0,0.0,0.0,0.0,-2.09,-81.0,17.6,0.0,103.29,109.58,-151.34,2.09,-272.83,23.5,0.0,0.0,0.0,-9.65,0.0,0.0,0.0,19.68,53.5,-114.26,17.6,0.0,103.29,109.58,86.17,-38.86,-24.31,23.5,0.0,0.0,0.0,-9.65,4.0,4.0,4.0,5.0,5.0,6.0,1,1.0,0.0
13,31,0.0,-0.03,154.97,0.0,-0.03,27.31,0.72,22.29,2.1,4.01,0.0,0.03,2.04,1.56,0.0,0.03,-2.69,-1.48,2.82,44.63,155.52,3.19,1.64,-0.63,0.72,22.29,2.1,4.01,-5.46,-6.08,0.23,1.56,5.06,5.65,359.78,-1.48,1.0,2.0,1.0,3.0,2.0,3.0,0,0.0,0.0
13,32,0.0,46.72,-131.2,0.0,46.72,-142.69,14.04,52.19,38.07,35.34,0.0,-46.72,-16.66,-20.67,0.0,-46.72,410.51,29.24,-12.87,38.84,-160.02,52.78,-64.76,-41.82,14.04,52.19,38.07,35.34,-74.54,-52.54,-33.83,-20.67,25.94,-35.01,8.74,29.24,2.0,2.0,2.0,7.0,4.0,8.0,0,2.0,-2.0
13,33,0.0,33.78,142.24,0.0,33.78,-188.91,19.13,46.12,2.27,24.81,0.0,-33.78,-351.06,-6.85,0.0,-33.78,-63.54,5.25,-8.22,42.29,89.48,3.77,41.84,-169.5,19.13,46.12,2.27,24.81,33.15,-59.82,5.68,-6.85,5.98,-16.15,0.07,5.25,1.0,2.0,1.0,4.0,4.0,4.0,0,1.0,-1.0
13,34,0.0,3.45,-34.35,0.0,3.45,-10.51,1.05,4.08,4.28,3.33,0.0,-3.45,2.83,2.49,0.0,-3.45,-12.09,-1.12,-5.65,12.34,-9.14,-3.97,-1.84,-9.8,1.05,4.08,4.28,3.33,-15.25,-4.12,0.82,2.49,-4.87,-1.71,0.36,-1.12,3.0,2.0,3.0,4.0,2.0,4.0,0,1.0,-1.0
13,35,0.0,-0.75,-29.85,0.0,-0.75,24.42,6.63,5.3,0.99,8.67,0.0,0.75,2.45,1.14,0.0,0.75,-10.26,0.05,-3.67,10.72,-7.55,-5.53,1.02,-6.72,6.63,5.3,0.99,8.67,-15.4,-1.86,0.5,1.14,-1.12,-4.01,0.03,0.05,1.0,2.0,1.0,3.0,2.0,3.0,0,0.0,0.0
13,36,0.0,-0.85,11.74,0.0,-0.85,28.96,1.45,2.62,1.12,8.36,0.0,0.85,9.99,-1.84,0.0,0.85,-10.08,-2.78,-0.21,2.99,-9.81,-5.36,1.35,-1.43,1.45,2.62,1.12,8.36,-4.64,-0.22,0.12,-1.84,-4.75,0.23,0.14,-2.78,1.0,2.0,1.0,3.0,2.0,3.0,0,0.0,0.0
13,37,0.0,-0.46,0.28,0.0,-0.46,-1.84,0.52,5.09,1.52,6.2,0.0,0.46,1.62,-1.67,0.0,0.46,-5.58,-2.42,-8.17,3.93,-2.78,-6.68,1.0,-2.08,0.52,5.09,1.52,6.2,-5.97,-1.23,0.17,-1.67,-3.15,-2.46,0.1,-2.42,1.0,2.0,1.0,3.0,2.0,3.0,0,0.0,0.0
13,38,0.0,6.6,-72.32,0.0,6.6,12.5,1.19,69.25,3.78,1.95,0.0,-6.6,-8.11,-1.03,0.0,-6.6,0.9,-10.83,-3.38,10.51,40.73,-3.49,0.36,-28.92,1.19,69.25,3.78,1.95,-8.35,0.29,1.1,-1.03,39.55,-23.61,354.24,-10.83,1.0,2.0,1.0,4.0,2.0,4.0,0,1.0,-1.0
